EmployeeID,ActualAttrition,PredictedRiskScore
110901,0,0.7409644401847744
100375,0,0.4805329745608635
100473,0,0.1605413406817742
102144,0,0.16356885437095622
105762,1,0.6859112958217004
111223,0,0.7070395441333105
104764,0,0.12130839885248529
104216,0,0.2439732553614969
110734,0,0.2519820447895588
111505,0,0.4951216438995373
108511,0,0.18517612216205045
108777,0,0.08889431210251306
113963,0,0.14163391948620177
111583,0,0.2562045743674439
106740,0,0.5799794003835795
113199,0,0.13789454426120357
102379,0,0.2594017292305821
104023,0,0.18540176326591085
109629,0,0.37995935921122465
113450,0,0.377591044248072
112690,0,0.25838487878667443
109745,0,0.3305954515936396
109753,0,0.17646568891013314
113244,0,0.6459813580216964
109382,0,0.6341452776037558
102065,0,0.1394782130925698
110680,0,0.2822188510384774
103358,0,0.22762573176807271
114593,0,0.12344571630679217
103547,0,0.5486760500749972
107268,0,0.41615556070315096
103933,0,0.17846108764050853
103365,0,0.45606929243973904
108828,0,0.4107959677983424
107969,0,0.11822307551299457
106307,0,0.657364298620638
102076,0,0.2105301768682809
112558,1,0.6638105426371437
101560,0,0.4141026980913992
109178,0,0.5438454531751062
109650,1,0.5503747276347846
112522,0,0.5738812506907732
102215,0,0.16187490076498398
105439,1,0.46928247280053775
106697,0,0.485638697143392
110166,0,0.46142581567673374
103733,0,0.6360047626310898
103900,0,0.11034032013472865
114750,0,0.21784338944935341
103963,0,0.0925716413393929
100502,0,0.59862111066664
109808,0,0.32174812791777124
104748,0,0.2984462737747767
107512,0,0.4321709957073928
113829,0,0.20813131000469315
108275,0,0.1770093720448581
100979,0,0.11918599910130387
112907,1,0.5496638057882286
112862,0,0.6308146771116551
114342,0,0.1087292162537803
101581,1,0.5392571461763634
101111,0,0.17820089574856732
111025,0,0.583165289062976
104345,0,0.4171623572182923
103554,0,0.09858749950623173
111082,0,0.24412709733313642
109826,0,0.19877474506948695
105493,1,0.546410117879848
102283,0,0.17098349167958204
104282,1,0.6530369314697457
106412,0,0.13120712078221644
104225,0,0.25551199878806724
107675,0,0.5039019039386817
112675,0,0.19119688683402858
101483,0,0.18643955217275457
104189,1,0.6903308922511029
110041,0,0.668210420282321
111481,0,0.19431595347478334
107031,0,0.20539604860975683
100854,0,0.8269293332813528
111894,0,0.17650349098961152
113529,0,0.3535284082017246
113416,0,0.6028358440447087
103229,0,0.6658075057449333
111859,0,0.44403858005832586
103672,0,0.27164523424555476
111064,0,0.12949076219393751
102354,0,0.25856369721705336
106041,1,0.29876927274929
113662,1,0.2400334184155732
107524,0,0.6490814086225575
103342,0,0.45392143711759
108948,1,0.44514925229065044
109029,0,0.26270850555804254
112395,1,0.6394726296950459
107311,1,0.3700131016616462
107085,0,0.3571099498304981
113397,0,0.1417555322041688
103264,0,0.14913367383030077
114347,0,0.747031190657131
105431,0,0.18799775181293069
104812,0,0.33885795737984026
106478,0,0.509317799118362
112050,0,0.5943198678729845
103225,1,0.6016273435765636
106576,0,0.19431631637821176
110282,0,0.23972439408796262
100496,1,0.3587988907141707
105817,0,0.5410078439583373
111626,1,0.7658139170918015
110973,0,0.21550120808853876
104238,1,0.2742241801521409
114575,0,0.39315930180165976
105547,0,0.7302194825089212
103756,0,0.6877280240821487
102244,0,0.2583375560287003
102628,0,0.09388477523995968
101569,0,0.1110874909704089
102467,0,0.6922971510726476
109885,0,0.4445717838037738
111541,0,0.23281199222886226
100162,0,0.5870603376129706
101553,0,0.6165747407706127
101904,0,0.10587346018194815
100536,0,0.44854350527592896
113005,0,0.14622325699719277
113211,0,0.45931496756509677
104860,0,0.34631127879655205
112739,0,0.6590961220258833
110307,1,0.5262806292021458
103116,1,0.7593224494266476
107956,0,0.31484768498801247
108584,0,0.15736366678061142
100874,0,0.7411943696215966
105415,1,0.8154211354807653
111825,0,0.5636815175426958
102077,0,0.4026187972387533
108683,0,0.2032280090616649
108062,0,0.26795550570833354
102663,1,0.7038324083341023
114537,0,0.3270001343229712
104888,0,0.5261423545022419
113725,0,0.6165361096227864
111310,1,0.48364957082572374
103597,0,0.1316095016179356
113754,0,0.5563958546465764
106796,0,0.5414444024716054
114126,1,0.4299970876671703
109433,0,0.33719067449055345
103318,0,0.24433951673903578
105402,0,0.6044412846444802
106409,0,0.7025676914614358
103075,0,0.34603713468385555
104440,0,0.5459272988632199
110664,0,0.6782431768935392
104627,0,0.2829397958304389
102777,0,0.22567866937043746
107467,0,0.6164803400477188
104176,0,0.28399460193940157
101832,0,0.32586444169598155
113225,0,0.24232148286948837
104947,0,0.6649571620346174
111788,1,0.7235005174196877
101566,0,0.09245319480895517
113240,0,0.5108010860948063
106249,0,0.6728854155199356
109865,0,0.6866619735048289
103323,1,0.6564393420142186
112089,0,0.5135169865211783
111837,0,0.27051780319060414
111811,1,0.46851753923586026
111985,0,0.5441386420426312
113233,0,0.33843843699939125
105148,0,0.24542581094142146
111647,0,0.35045893765536146
112565,1,0.3819707107848518
111115,0,0.45379798688378475
100810,0,0.46278834606822516
104459,0,0.62712239471974
110266,0,0.30085983864966304
110668,1,0.5817664134573477
108635,0,0.5993810131952301
104020,0,0.6611542642010056
114522,0,0.6376250841184934
105657,0,0.13521706815053305
110081,0,0.46413738024173257
103861,0,0.6830993411004618
114376,0,0.303762619968142
111242,0,0.1041222383274793
112821,1,0.5073478892078406
107651,1,0.4172253654495154
103218,0,0.3999255966671273
109887,0,0.5847022530077954
102294,0,0.46641689984053736
105659,0,0.725742523416626
103031,0,0.5062226660198461
100964,0,0.6204271383867415
106655,0,0.5253018584235942
110905,0,0.19073306013023558
100340,1,0.6707858850226587
106365,1,0.481455429944228
107327,0,0.14855060235278175
114081,0,0.19112363961065038
109757,0,0.07538145495842628
103576,0,0.3060463663810326
101661,0,0.5681195795575186
100408,1,0.25067735008051023
108754,0,0.2952248346599277
108437,0,0.6257501039520332
108440,0,0.45781735101449395
111589,0,0.2230039868596009
101515,0,0.6306269895371429
102285,0,0.1330095147879612
110393,0,0.45673308190618267
113205,1,0.4925378153828806
108914,0,0.752833668923584
110518,0,0.08794257890006255
100736,0,0.553208243468811
102945,0,0.20595822042550901
112929,0,0.38566615124571213
105255,1,0.6008075431999303
107434,0,0.5632533906181821
100359,0,0.7133568145171878
109742,0,0.18012411830224187
110451,0,0.6058267101371729
104629,0,0.2100044234200753
112928,0,0.0993538347035089
108113,0,0.146468322804752
108169,0,0.6858020410473217
102804,0,0.20747460524311792
104243,0,0.3699330753653114
109832,0,0.44256908059068895
113019,0,0.566172698868646
106550,0,0.20122121287818076
107106,0,0.3169498547910557
100108,1,0.7626531989848615
106918,0,0.6080920828739785
103709,0,0.35184297586618435
107462,1,0.8080615623777504
101909,0,0.19869066409173392
107191,0,0.1977873810078495
110195,1,0.7098705790097588
106582,0,0.4864668651256782
107720,0,0.30919148131877844
108605,0,0.42718348515816557
100598,0,0.11428295249757901
110756,0,0.6943177048017671
113006,1,0.6184010215421277
102644,0,0.26370932336279057
113215,0,0.3323378894394197
111202,0,0.13939365455614106
108770,0,0.6558623217167658
105639,0,0.37587573071579694
109673,0,0.16052267063893846
112284,0,0.16395057932675233
102617,0,0.22833843760197672
106542,0,0.33868608876845874
103239,0,0.14095407807272886
105332,0,0.29532410524877384
109302,0,0.5988876954210279
103121,0,0.45534819834027424
102793,0,0.45523975172391684
102474,0,0.6513046373115924
100764,0,0.20358425292537366
101471,0,0.14647799754835808
110890,0,0.6652744145528315
107101,0,0.42659537860556584
101557,0,0.5120674480369198
108632,0,0.1773566076424772
114279,1,0.6855698992928041
106470,0,0.1702343115406636
102740,1,0.6182847599787541
113131,0,0.5983654422849665
111186,0,0.3104076709124565
102359,0,0.3423055823193831
113138,1,0.6463521927529162
112855,1,0.6023931581543528
106733,1,0.6054169509576964
111388,0,0.09503140849946237
111322,0,0.11245957946021401
105867,0,0.3079605701798509
101018,0,0.6976688690418553
107427,0,0.0784150948602669
100628,0,0.36947883429465705
102757,0,0.19514396276198076
111633,0,0.17382032985629284
105598,0,0.33363721158313564
107920,0,0.1781713970358959
108993,1,0.6654597696514415
103697,0,0.4651203120092172
102738,0,0.3575971260593658
104614,0,0.3742969746337297
101350,0,0.296957002810182
107309,0,0.32601798868405935
108141,0,0.11632612167487878
112570,1,0.6468841242340337
110136,0,0.11319868783853294
114133,1,0.7059474683770375
102942,0,0.5764542289914861
112173,0,0.47986807569943435
109935,0,0.6168166066741202
108602,1,0.7078576389937078
104776,0,0.33620777379442573
106806,0,0.16929038201973934
114108,0,0.3976821552903483
109694,0,0.5239454029504722
110731,0,0.41213538313364384
105409,0,0.09274940399868305
114743,0,0.33795258222876173
105227,0,0.6160304670105151
105795,0,0.21904548619897127
103876,0,0.29898097323566236
111752,0,0.589062338687692
108670,0,0.7051986012695576
105581,0,0.1791130929000615
112968,0,0.12495058734525318
111434,1,0.6821118229269183
106929,0,0.1511201649481812
112813,0,0.19643546958082495
112957,0,0.2897307110251048
107091,0,0.4950247505893723
101767,0,0.21076118509428984
101903,0,0.14886847659554334
100479,0,0.6680007459330113
106034,0,0.33622356210294096
109545,0,0.5734284294184966
105295,0,0.3713573370172747
109041,0,0.6161279199704055
104445,0,0.6259219799203438
110441,0,0.339103120802785
110967,0,0.3598695194398642
105653,1,0.6867255567656084
111329,0,0.14883909460803632
107021,0,0.2628754381402308
101655,0,0.17444589668102942
106904,0,0.07963867707531448
113530,0,0.6060050155300447
103502,1,0.5454694474359637
104012,0,0.5877273782627278
104381,0,0.17486664714947883
106685,1,0.6712039862784648
113168,0,0.2427601479550312
114574,0,0.12082332731975827
105541,0,0.44788602484843676
103934,0,0.09843642426434213
104493,0,0.5620062735999447
109543,0,0.44174787059997234
104643,0,0.17633778690251672
104244,0,0.6885986157821352
103119,0,0.10623658719579346
113751,1,0.2836851273362888
114047,0,0.11313751703919041
100786,0,0.4923635914118389
111420,0,0.6092577278206782
112531,0,0.5333981077010342
106860,0,0.09746781288897473
106949,0,0.28536382788121545
109222,0,0.6826366989674983
112031,0,0.1027130165844898
106885,0,0.19674727155580188
109888,0,0.3990151768424356
112234,0,0.6048896005211641
110120,0,0.7699096933413393
107174,0,0.29681635036097326
109889,0,0.48724465631708636
105520,0,0.22243833914949518
106566,0,0.21806045182658726
100507,0,0.5959347112407091
112719,0,0.189500419933834
104488,0,0.19542104588543832
109564,0,0.606937066462156
103968,0,0.08520270938110021
107742,0,0.21340282909987393
110812,0,0.5387428969009946
112457,0,0.3320917053033302
114224,0,0.3973289960772399
100034,0,0.17642641867427172
110724,0,0.4711214770724261
105078,0,0.1397158307591865
101848,1,0.7717512692291181
106983,0,0.20899004960246134
109326,0,0.12907798098273227
113661,0,0.31571870808308816
104512,0,0.2761001671341619
105082,0,0.2896322015707173
102678,0,0.3771307059966933
108815,0,0.47391468277405113
103631,0,0.3058961484649107
107067,0,0.6381343093194738
102248,0,0.36747254075626384
110483,0,0.3140264641988971
101654,0,0.48920074891646254
110677,0,0.3562979220628139
105738,0,0.46442075942613115
109393,1,0.4310079769843019
109011,0,0.5905373553248046
100646,0,0.25342374650758104
101163,0,0.5779450096349928
103608,0,0.10135390164924717
103485,0,0.1607905388584757
114384,0,0.21668191921992785
102661,0,0.3525439127932452
107016,0,0.39487476989123454
107518,0,0.6738697695820729
109968,0,0.21334586453068843
104298,0,0.15771938663998214
101335,0,0.7093518781875258
106112,0,0.1282572497146507
104685,1,0.5862578207667263
101404,0,0.13364904646564302
106834,0,0.6229795045870749
106329,0,0.5176205073262014
108153,1,0.2094815206759223
111737,0,0.5200267510473712
110996,0,0.1313190309729807
109412,1,0.6861317106204409
105396,0,0.1790906386568419
107409,0,0.2664992835734415
106248,0,0.07900632685029604
100613,0,0.6144860367832847
103008,0,0.22425167806636134
103128,0,0.5519091339095946
100280,0,0.5234323581841236
106882,0,0.768494963639931
107659,1,0.6807843914147684
102365,0,0.3115411545647258
104481,0,0.5866425374792457
103524,1,0.7616857539436812
113633,0,0.7120527756690399
101899,0,0.25366834624895745
107867,1,0.42867403482818145
100738,1,0.6447177539671364
111266,0,0.2717205783556251
112485,0,0.3310435917830039
112222,0,0.5574667608384015
102987,0,0.10394565012311448
103568,0,0.7160400976014707
107575,0,0.6512626743864396
104713,0,0.44972728606476553
104300,0,0.40360718944777646
110062,0,0.6963835203129052
106523,0,0.3210684229080764
100688,0,0.42156957478567886
110351,0,0.507374336691976
105730,0,0.1600509017260703
109524,0,0.5826960897711494
104262,0,0.12730771096263774
105781,0,0.44410219148250113
101092,0,0.07916107937395407
113039,0,0.4540465547597942
113483,0,0.1628388163167867
104190,0,0.3080384309673779
100806,0,0.49266483504818126
109327,0,0.2718078703765829
111794,0,0.17259745760135695
108730,0,0.24883426984084195
108341,0,0.24082054234980943
110157,0,0.2569591721266286
106554,0,0.6786948115798038
114041,1,0.2687043117727646
106328,0,0.3452204305805808
110480,0,0.3294110039259542
111824,0,0.7278519919255887
110630,0,0.4850339233572703
103743,0,0.22420027074171855
111699,0,0.24533625373273787
111763,0,0.18496893453750923
114151,0,0.1484323324716084
111053,1,0.6662196525123454
100174,1,0.7476256317848715
112142,0,0.4557822532279067
106541,0,0.6909751581359036
104055,1,0.3296030562949994
110670,0,0.40275771400914534
108307,0,0.2529281782407293
108466,0,0.6042607222608185
109696,0,0.18011947494655833
111185,0,0.12837360835068248
104669,1,0.423387557068283
113405,1,0.4072079698386799
114654,0,0.6937069494149467
108675,0,0.36269687228664227
104527,0,0.29804040253463965
105285,0,0.35183110269276163
110446,0,0.6517442715825832
110545,0,0.2096920073710847
111111,1,0.1537586471159566
112552,0,0.4672350250058321
106739,0,0.4575107599658981
100310,0,0.162179307977077
111611,0,0.12656375225557773
102790,0,0.5846785179097401
114197,0,0.14223525113286678
100438,0,0.25817876691853603
102485,0,0.5905411933368304
105743,0,0.6831640814319191
108509,0,0.6140073819037268
100537,0,0.22984262888868745
113305,0,0.41349884830572836
102470,1,0.7439746697197893
114157,0,0.15257393799745703
108945,0,0.5862289499857966
110899,0,0.1634041703881707
101703,1,0.6387258626160645
106375,0,0.09455733360502268
101276,0,0.20001227981590092
106947,0,0.5687738070496213
102213,0,0.16563356824493858
112944,0,0.15133907377999298
113546,0,0.15041404151105028
102621,0,0.29465876630073234
100780,0,0.26371676875970973
100013,0,0.38569341187506867
111520,0,0.17912495671336118
108415,0,0.4932090554684831
105538,0,0.3506527643772962
114364,0,0.3134139234548792
102487,1,0.3899115501904092
113391,1,0.744366382245375
107835,0,0.31499292783484695
113792,0,0.7780127353838698
114631,0,0.6293055405887726
111441,0,0.17998414615653074
107521,0,0.20899715619412343
113216,0,0.19369207017692044
105889,0,0.434167712357131
105407,0,0.24512342858928846
103511,0,0.3052508529463521
111525,0,0.5433607912601972
100562,1,0.7721090137447558
110575,0,0.19357924612385452
103327,0,0.13173250687468827
104231,0,0.11638219425125196
101465,0,0.4793751317184003
113294,0,0.1691767339079743
101920,0,0.1608610835341906
101659,0,0.24210171124717272
112803,0,0.5282008584750002
108924,0,0.11012009285103877
114652,0,0.4234192388793399
113715,0,0.17369287901636632
105371,0,0.14634289279739726
108468,0,0.413741388679804
106565,0,0.2528150716228977
105548,0,0.10985507960184904
113280,0,0.5980895169412603
110047,0,0.20394221811404714
114386,0,0.40850190666350245
103614,0,0.29870107179695027
108882,0,0.7179078678783709
106293,1,0.6470318547934434
112770,1,0.6437121612555327
107154,0,0.22777486389063048
111831,0,0.33534227393781585
105002,0,0.6406743926599202
110005,0,0.6678207816521092
102498,0,0.44833105350113767
101124,0,0.5138706403674431
110641,0,0.21567387944603827
108316,0,0.15856781465998013
106493,0,0.14921834551254184
106607,0,0.21050797849208758
107543,1,0.6081218216068555
104026,0,0.6262672714607336
105171,1,0.2558145326131724
106100,0,0.6460829529199181
105435,1,0.3012951565389721
103412,0,0.6339986429073853
114242,0,0.22071432595271914
105360,0,0.3270856742591144
107278,1,0.4386173225153277
109362,0,0.23410612553866206
111860,0,0.5521770089135333
107901,0,0.2820604496617
112960,1,0.636873440055594
111251,0,0.20507394241412594
109378,1,0.6577589448924512
114392,0,0.43292434763202065
104359,0,0.4050395665669573
100926,0,0.5516409668723634
107653,0,0.2877098711797008
103603,0,0.1331984976765951
112273,0,0.17910177967426705
104490,0,0.2464278329463707
107324,0,0.3589501399337682
105753,0,0.12910757208946413
102034,0,0.4650431528610624
111549,0,0.1702798376622836
109508,0,0.39500965329088245
109998,0,0.5491900098798786
102592,0,0.48681523497629703
111619,0,0.1937851483780688
102766,0,0.22123954546939875
104970,0,0.7019771883339593
102045,0,0.2876301689438883
100843,1,0.6457080724912083
104412,0,0.25364201610205356
101492,0,0.18242418569826563
100690,1,0.7943331398292849
113352,1,0.6104316755401094
108823,1,0.6822411077920927
113029,0,0.1953273229738511
107124,0,0.3477290773329299
105677,0,0.1604163703657276
103685,1,0.6732050573004428
102954,0,0.2923368739123463
113454,0,0.4629846903361876
100952,0,0.6763445066922058
114019,0,0.6343859494330932
104321,0,0.20100113340982037
103269,0,0.3919072302864269
101963,0,0.5473689077382133
113977,0,0.18649966248266026
102744,0,0.6380894813131207
103913,0,0.105729440251687
113384,0,0.6154600678765875
108564,0,0.09665316015419004
108227,0,0.13998356488409452
108985,0,0.5887463609950285
105103,0,0.5289831944321467
102172,0,0.33046187470383825
114588,0,0.6246715220832302
107339,0,0.22535544931685403
104750,0,0.1235947046509206
105876,0,0.20342977365348963
113492,0,0.552644937264476
114328,0,0.14048460623583842
107476,0,0.4742805978191426
113471,0,0.522271166996878
111555,0,0.28016852934198516
113347,0,0.6056493646667156
100194,1,0.1402485189028004
102432,0,0.1055210354167712
101315,0,0.24760723154114772
101081,0,0.58602109841966
104162,1,0.6762501163171563
111620,0,0.17277167347449768
106321,0,0.622332545943405
100807,0,0.2447369981253563
111540,0,0.4181332414908517
106246,0,0.0688776085484762
100800,0,0.4879586001974444
104443,0,0.25196401462788576
111068,0,0.16383880999643713
105997,0,0.19786082815262943
108088,0,0.17838522560933237
100060,0,0.17441813872384665
110981,0,0.5924879676251753
111369,0,0.12655293447282226
111004,0,0.326626598977534
102788,1,0.6928727602130345
113415,0,0.21834601726701972
114734,0,0.19479290846261466
106001,0,0.3350687869865224
101277,0,0.6449688744710346
110146,0,0.8064435991240007
112911,0,0.21857700798443644
107250,1,0.6740903981984981
114482,1,0.760910445044066
107319,0,0.37341723795481047
114316,0,0.19946880219186003
103831,0,0.17885741339341826
111877,0,0.1113870731527412
107062,0,0.6054806690008214
102670,0,0.5692016002279634
104316,0,0.41883310273337276
110106,1,0.5995651743329679
106556,0,0.3825573461386658
111780,0,0.33843253590722366
112353,0,0.18329110350771693
114628,0,0.5359598995750922
113642,0,0.5964236737194883
100699,0,0.3043121284020594
105073,0,0.1866175409068832
110403,0,0.3032460126154739
109484,1,0.6559103339097021
105878,0,0.17666422002635257
109548,1,0.20797108442722775
114343,0,0.09221560210006896
112629,0,0.6019789668506109
104809,1,0.547018672589577
113047,1,0.21819307275266756
107822,0,0.3541942677914082
112584,1,0.4757693163096283
113037,0,0.575685485751204
106511,0,0.6234846802343758
110490,0,0.20604923877214215
113025,0,0.17265095056795818
105989,1,0.25595565776802975
109621,0,0.5200340054357039
112554,0,0.5050331943245178
108997,0,0.607064257545201
102386,0,0.6095295859291276
111191,0,0.3424621298420294
100134,0,0.5178518244106034
108855,0,0.6060914126364992
106594,0,0.3991773378707081
113466,1,0.756495464886064
101110,0,0.5384523262643361
105757,0,0.45699570386104504
100180,0,0.3298290944173239
111135,0,0.36793854309051616
105518,0,0.211093514213315
112652,0,0.5786193206174145
111153,0,0.23481902897541332
113742,0,0.32645318187164746
109997,1,0.753417741630504
105168,1,0.7802776704242534
103084,0,0.6695413848058294
104635,0,0.40231808471620006
109258,0,0.37476494855381737
100660,0,0.1765291578479819
101694,1,0.5258152117056516
104773,0,0.21018409365271604
108474,1,0.6620855977906759
110331,0,0.24894754826468518
103912,1,0.7198937992837986
114461,1,0.6129899856585971
101529,0,0.5480075775361224
102749,1,0.4165798655196455
102224,1,0.621379235055597
100048,0,0.4558973316439085
107640,0,0.13225671731253585
110540,0,0.15556844479526835
101304,0,0.12365622464441647
112447,0,0.6130896665196155
105577,0,0.5102061317459812
109160,0,0.23320155154210157
101689,1,0.49658123058375814
108444,0,0.39694698414768426
112487,1,0.46083972657144234
112559,0,0.4892953162399228
108291,0,0.10033113501259182
100225,0,0.13654532196062472
107470,0,0.667004441881126
103080,0,0.3529442249016602
108988,0,0.18562484008110228
109367,1,0.7447198286236646
104705,0,0.4314103348801865
107440,0,0.586361798597491
105185,0,0.1555689231565808
111483,0,0.28050777784738623
101870,0,0.11416108119164775
100470,0,0.33192834210979616
105563,0,0.1536456053907862
111676,0,0.1434226861485801
108807,1,0.6029801438796971
105271,0,0.33707820244119574
103510,0,0.50800277831204
103262,0,0.6265253824455341
114435,0,0.2515678961828172
103696,0,0.37012795269851695
114649,0,0.651239724480925
102638,0,0.48860890147318126
105937,0,0.5053537793844517
109961,1,0.6089143446468795
113443,0,0.264890122768815
106298,0,0.20662182975030566
111381,0,0.45087059807268426
105370,0,0.5613632331336382
113226,0,0.2523460768504886
114110,1,0.46593457440131203
108560,1,0.8108931202091985
107808,0,0.12619379491578653
105377,0,0.7571792606254482
101649,0,0.3659932393306176
103340,0,0.467597816150763
109711,0,0.21544092857004066
100394,0,0.4359414968775518
107187,0,0.13022935758095344
110912,0,0.39252763614995856
106693,1,0.2172458796149734
113088,0,0.4902473200372008
100331,0,0.36871221406988886
108337,0,0.2602701456294707
111112,0,0.2480018831640548
103570,1,0.6171728474421767
108260,1,0.7694156625191498
100987,0,0.597678995801134
100236,1,0.6227089462092091
103233,0,0.38923115458428104
100934,0,0.0926728799919571
113031,0,0.6233957128952649
111958,0,0.6384462622527007
112087,1,0.5186830979500273
103521,0,0.3707460863544644
106748,0,0.22285629378687025
108074,0,0.3782932786133233
101835,0,0.4121681660910081
113350,0,0.3305674067799868
104879,0,0.42359676853782063
104101,0,0.18286206379971978
110963,0,0.5494260318960756
111902,0,0.14368701586932048
100976,0,0.6072432112204066
101954,0,0.1866358811288487
104538,0,0.1984964688144849
106136,0,0.22246350269065895
112238,0,0.5070255199707148
108766,0,0.6677718098944225
114801,1,0.6636569586334592
111075,1,0.7539266374840069
112016,1,0.7228968275970866
109299,0,0.18152682859631503
103549,0,0.19532887594507084
109145,0,0.4659710583342456
111750,0,0.43378822121159727
108586,0,0.16216700937921447
101816,0,0.10613371163881129
104818,0,0.5432561787364667
110658,0,0.24521583431859417
101281,0,0.43046013532542615
110116,0,0.11222023291720856
113395,1,0.5783507875568757
104878,0,0.61632360245585
111692,0,0.2103791474100154
109893,1,0.6469353154735943
104039,0,0.1501686708927977
112680,0,0.10552859876105669
107591,1,0.7205009562209888
104092,0,0.4803349250476124
106545,0,0.3540656690495433
110764,1,0.5101294767074813
100539,0,0.3507137713842102
103951,0,0.3179786833772664
108974,0,0.6642309490531652
109573,0,0.27850101661692506
110542,0,0.4903798221283923
114049,0,0.27310263510734517
112668,0,0.6649686282255833
103946,1,0.44884136796105567
103434,0,0.10282931397443858
111800,0,0.6258752322268641
100482,0,0.5321599007121702
101049,0,0.5112725714132462
106631,0,0.34033357750715254
114383,0,0.22218492041497834
102013,0,0.18278920742721663
110276,0,0.5492604629474236
109680,0,0.5823639450742597
107688,0,0.5020670129304743
102126,0,0.2927652267710765
113801,0,0.12058311463633643
101396,0,0.5152349840476456
108694,1,0.642122573621537
103844,0,0.38507887688175046
104402,0,0.5782151977806121
110135,1,0.6826132796572727
103199,0,0.6271033343898165
112267,0,0.1514823931076974
104313,0,0.21876679540132404
109585,0,0.7339911177705418
104823,1,0.7364635394488805
106839,0,0.46677332346502237
102524,0,0.2975008621658221
104670,0,0.2908289161286854
100649,0,0.43249433921658503
110115,0,0.15659530033689986
106657,0,0.2245476776862966
105132,0,0.3660866961876847
111787,0,0.26899682083668197
113626,0,0.15331704608167804
107402,0,0.14374286338420508
102271,0,0.20986981333850716
100694,0,0.14717573757287103
114765,0,0.2678587998976362
108676,0,0.502109584410466
110489,1,0.6524949646938445
114307,0,0.19536581273803438
110775,1,0.748523136595399
106397,0,0.19303449902760977
104062,1,0.46530110597130186
107937,0,0.4164730572753746
102226,0,0.2265486642475945
107265,0,0.4029625188990515
108745,0,0.5997841024271805
100076,0,0.5549363861953364
111307,1,0.6360667594505666
110303,0,0.10405960322940869
112350,0,0.519939558615838
101713,0,0.6910244322951601
101624,0,0.6762881228040735
104288,0,0.2844720639575966
109107,0,0.16737518284356842
108702,0,0.11467533190981655
109579,0,0.49605786033731536
111689,0,0.27918327516364727
105970,0,0.1925255660764207
113858,0,0.25469490562700337
111996,0,0.6050274887651509
102026,1,0.640525329087133
113806,0,0.411751268993388
114612,1,0.748289399909251
111063,0,0.6729591562684496
102394,0,0.5485467480724613
113857,0,0.22178325444575875
113245,0,0.35855370426577626
109228,0,0.24078226333143096
106562,0,0.3345048673809399
103496,0,0.3327440658221441
108344,0,0.11106773045267135
103411,0,0.3005101980440706
108212,0,0.3114169407611633
107001,0,0.4819205676561638
104918,1,0.7625918279260049
102593,0,0.2641533423939203
103480,0,0.30617220143045665
114198,0,0.09040572076903684
104048,0,0.13401995599403294
108528,0,0.2779741528751562
107601,0,0.2545609659165518
100771,0,0.4074309189906656
103543,0,0.6721756840072222
108617,0,0.1553790434407263
107401,1,0.6877958340831508
113752,0,0.18147621387921045
100676,0,0.3111529192804323
103506,0,0.13826412174978137
109503,1,0.770632697881963
111303,1,0.2502094835162941
102530,0,0.1752123170302657
106567,0,0.6347080993177304
101890,1,0.5277583107354535
105159,0,0.2657563613794303
111172,0,0.7257301278335091
110662,0,0.5740671675503087
102167,0,0.21151859786087587
103569,0,0.1575510442829395
112116,0,0.09551905915214626
101539,0,0.1744294907237852
112393,0,0.2233920058567215
107354,1,0.2226413677726983
111995,0,0.610350423506511
100094,0,0.6752241988172399
114269,1,0.7969190331958211
106459,0,0.12613642666452457
100691,0,0.5237548460136459
112900,0,0.6973669532242058
103260,0,0.2511608240343576
107715,1,0.6709020604113127
108131,0,0.6655195890112554
110216,0,0.403705312061468
110602,0,0.6803554588421152
105032,1,0.3414952151340162
114485,0,0.5420854314718004
104971,0,0.1565514101117969
100049,0,0.19502063749866358
104401,0,0.35607478247052615
105086,0,0.07925260196668535
113719,0,0.284280961550863
102533,0,0.3318956268820037
107438,0,0.6151907296224317
109897,0,0.2065129117895285
103070,0,0.10069664121089283
114252,0,0.16829109651526986
110279,0,0.2122718999654263
105861,0,0.19262803127090775
102959,1,0.46989204217811914
100563,1,0.6432076131431496
110293,0,0.10557882679077234
113062,0,0.537627896204631
109678,1,0.631246149552465
105040,0,0.2922956980752889
106361,0,0.2643333461238068
100362,0,0.18483591748037292
103932,0,0.11747997767281826
106186,1,0.766960126221027
110573,1,0.3731864872078173
107161,0,0.17770672671158402
112782,0,0.26303980149687906
103127,0,0.4525482916895953
108669,0,0.5708982978289932
111148,0,0.5984689807291904
100268,0,0.1399985583209316
100723,1,0.5222914411964987
110444,0,0.4801102500403787
110343,0,0.23761705479226766
104181,1,0.6129499920859998
111423,0,0.13247143221164756
110740,0,0.13411147579030377
111532,0,0.6738158595594128
106303,0,0.32945985189462434
106942,1,0.44331424545329234
103186,0,0.1708919269378244
100129,0,0.6981900292934745
113847,0,0.10956161300815247
106342,0,0.28930923078040927
106916,0,0.3088570235680388
106366,1,0.6780932809693967
106345,0,0.5323932704651281
109240,0,0.23911673814623272
109021,0,0.20660986331237932
112702,0,0.19393328731604956
114620,0,0.3288434594716438
103616,0,0.1995830467585498
112005,1,0.6849849511419233
101256,0,0.412385260253386
103629,0,0.18467531949814728
114655,0,0.2291715411922616
107078,0,0.4809628747046658
113453,1,0.6954784047583598
114777,0,0.19083011089445437
104480,0,0.5082282947692828
114645,1,0.8040662025041115
102534,1,0.33792725435380505
110032,1,0.7828421070363727
111039,0,0.2472564807610304
111850,0,0.24151337184005447
106423,0,0.17454316902020764
106666,0,0.6607510389416343
105180,0,0.10486933327835032
107370,0,0.5898904858051184
109095,1,0.636555941552162
102514,0,0.3112038616179182
110214,0,0.10103413931619623
110117,0,0.2501023875381374
105433,0,0.5121326189813707
109363,0,0.2427457587504447
108736,0,0.2745598036636191
114293,0,0.16932983432871998
111430,0,0.45084669340588523
108795,0,0.583373974563035
114234,0,0.5463469109511161
105330,0,0.20105266860525017
102236,0,0.4803701424571454
113762,1,0.36455682745752505
101951,0,0.6974996772205726
109369,0,0.42461380009773464
101960,0,0.32672252310786176
101001,1,0.39880454913155083
108130,0,0.778667147107173
112897,0,0.48259531542244816
106436,0,0.37226486734109293
102265,0,0.24322943106123318
102261,0,0.1555774222147159
113826,0,0.3280229197865269
102196,0,0.40887000222319186
107195,0,0.22214751175062428
108782,0,0.6451230658275551
110190,0,0.17606821723941415
104697,0,0.10666294592693702
109191,0,0.22878319430974603
106593,0,0.3341758248234007
111452,0,0.5633383008485866
105436,0,0.21713941739000314
113304,0,0.42120942028059943
102886,0,0.6295989482723132
107503,0,0.31827187234388016
112105,0,0.6746124284080662
109988,0,0.1863312332777803
108708,0,0.19117156984620237
102630,0,0.17548029470307025
114114,0,0.1423966415218222
104388,0,0.2501880771016537
114766,0,0.6687271093533114
107730,1,0.7369056643581491
101499,0,0.742261678007467
106163,0,0.156427048177033
108939,0,0.14724167510930036
112262,0,0.41639291499412595
106896,0,0.10801342173786144
112976,0,0.19447046092880682
102953,0,0.3125331495492555
110428,0,0.15530792359223344
112412,0,0.1295491671466905
112751,0,0.450277065469149
100210,0,0.1664150444586315
113710,0,0.367190571891992
103217,1,0.6098289228396335
107314,0,0.6639507595586078
111938,1,0.27434110138477164
107761,0,0.10649220461313898
101029,0,0.2886845997996925
110843,0,0.149727486381694
100777,0,0.11559787811502507
111295,0,0.5840497889494634
114789,0,0.1846811412889273
105603,0,0.2929811838059798
104980,0,0.35484241884426726
104660,0,0.5107681209433208
111435,0,0.5997677744758699
110741,1,0.5917756604705106
103476,0,0.6100068920537012
100063,0,0.3378047972342871
112020,0,0.18726086053930402
101759,0,0.29803899158894676
112469,1,0.7301255097605535
104815,0,0.5639473178138247
104558,0,0.2859257434680708
101436,0,0.1132442891240831
100037,0,0.24266670652784086
114673,0,0.5150029530616355
106571,0,0.1985128686506943
111565,0,0.5379798982949245
114262,0,0.30919459481997946
114289,0,0.4713648414160471
104009,0,0.1688520238207908
103481,0,0.2084948388156826
112729,1,0.5623713320800757
101820,0,0.5688178724855181
107104,1,0.6630061730455313
105447,0,0.10484342856057949
101534,0,0.6367052017340559
107708,0,0.5800664677896372
113604,0,0.29426235233455783
107838,0,0.6650398974927808
105309,0,0.26684264439463146
104692,0,0.42757410570305837
109421,0,0.41596448201045516
100606,0,0.49689841505115273
112679,0,0.24360145652446463
100677,0,0.2515398512229353
107353,0,0.27382356861690255
113966,0,0.49145901946518183
100372,0,0.5979801636434985
111490,0,0.2626939032453614
100474,0,0.10152918734064563
104494,0,0.193148137855718
100257,0,0.5971480509123686
106107,0,0.18291509162366146
101434,0,0.6073136810582518
109490,1,0.7029207019674294
107063,0,0.17010798536445193
108623,0,0.225572219029447
103011,0,0.7613141620528433
110251,0,0.32846464691035004
104142,0,0.1213924487528197
102455,0,0.2911255279896735
107226,0,0.5694608438021921
106618,0,0.3337724955129244
105307,1,0.6562553429500316
114438,1,0.49725015418813834
109640,1,0.6716552692939559
111651,0,0.30861971627768187
107870,0,0.09609558621572305
111686,0,0.3304016044703674
113192,1,0.7540634330739516
103998,0,0.4187228871268243
106844,0,0.37661304348035796
108636,0,0.5035130500604349
102153,0,0.21931529935603558
103240,0,0.21793244185446412
111879,0,0.14582781560074776
114452,0,0.2387366546989536
102380,0,0.28236375819696546
113834,0,0.16236390368708217
102338,1,0.6006947282234651
109681,0,0.2678568169352678
107197,0,0.2057426985694051
104871,0,0.26060320085588384
104014,0,0.4093882944302392
100213,0,0.18633815455867256
114776,0,0.17471592429348756
108067,0,0.2784870451293637
106244,0,0.1771433196369574
111941,0,0.37850069581550033
107531,0,0.25772743090858846
104926,1,0.7191678325573906
109125,0,0.6170101365044743
112980,0,0.2046890754127267
111007,0,0.1110714220130816
102690,0,0.5486363467609937
107264,0,0.5538319800756645
109001,0,0.46469631321820515
100344,0,0.16815537236537348
109913,0,0.11857131325766951
108794,0,0.13294646469679067
105097,0,0.17335214131501556
110153,1,0.6318771139710094
110590,0,0.15251008530115776
102877,0,0.569009030665922
104909,0,0.0942404955421094
114189,1,0.6101951549789667
100525,0,0.6434197717983133
101352,0,0.3166032361579777
113668,0,0.16869013710387934
107631,0,0.19211027778089304
111999,0,0.16675948295986898
114512,0,0.1977573534350846
105768,0,0.18592523421767645
114398,0,0.40816823140583464
105965,1,0.1793168185667969
108629,0,0.16024319477103738
103291,0,0.7334264094220506
110746,0,0.23898535555515746
109254,0,0.2940501200292983
101360,0,0.13956033134988494
101187,0,0.19307661741266824
110399,1,0.4401824993215568
107428,0,0.18682694651687554
114498,1,0.5915831837241308
108239,0,0.18784922476451107
112613,0,0.34419062089560093
105286,0,0.23059945271799961
109818,0,0.18661649722970947
107794,0,0.5985822071436663
108846,0,0.5973311296713281
105528,0,0.2107710958601369
112615,0,0.33120092057379574
107146,0,0.22103860726272032
101738,0,0.26311794023757973
112182,1,0.6583499061192446
103613,0,0.22961497124613853
111499,0,0.4804700775616337
103919,0,0.2870994013457137
109400,0,0.1835878108993695
105713,0,0.2336546738077464
104423,0,0.3329417794909387
105574,0,0.574608655287372
111212,0,0.6201273819233477
114241,0,0.4363206702651851
109396,0,0.5586122381348543
114001,0,0.11672356334176186
104276,0,0.07574451409137868
113934,1,0.3993326612374781
108331,0,0.18918150087425706
108267,0,0.22674109866530193
112745,0,0.23606218664887582
106609,1,0.3677429414203958
108190,0,0.1462755458451589
102893,0,0.1244040129657606
103801,0,0.43941257130808736
107810,0,0.18167608880550332
112298,0,0.15571526363569071
107497,0,0.5751502002778012
108452,0,0.14855258396997487
113366,0,0.17020685639330166
107984,0,0.6866797993145699
113132,1,0.8027975609534719
104621,1,0.5863952605168309
106174,0,0.3353466394636464
107714,0,0.4850012610507146
100481,0,0.6321158694748072
112914,0,0.2396310614268719
114578,0,0.35735384780250984
100209,0,0.419536923222278
114577,0,0.25032880679394204
103655,0,0.7188309849018705
109312,0,0.46665654849631477
100686,0,0.6656467088805509
112027,0,0.6653033616691728
114713,0,0.1089058471641163
113698,0,0.6840632491650875
102797,0,0.6488417331509834
106738,0,0.18979823062527024
111716,0,0.47019444342659955
106358,0,0.44073436785005576
114018,1,0.6547335539495397
107323,0,0.5220557618034323
113917,0,0.2322965908043588
112917,0,0.3933717555327049
105991,0,0.1072811094281618
107060,0,0.14043583296988874
111096,0,0.6460373256368274
104605,0,0.23222724972041978
101073,0,0.5833577078031247
108938,0,0.3901771542191932
104900,0,0.24446650898553637
111000,0,0.64131975231851
109772,0,0.6912223609493926
114037,0,0.08662825053059967
111987,0,0.18985054111362593
102121,0,0.2528619414269075
101364,0,0.1693063261958704
114524,0,0.33468378824225403
108826,0,0.7272430078362889
108953,0,0.18849555719876127
109147,1,0.5204805905352926
110332,0,0.2738758458755821
106103,0,0.17753554417716244
107509,0,0.28894933350966034
109468,0,0.13752907064205477
100351,0,0.7307110316872499
112241,0,0.176425624169196
101211,0,0.34956276976757955
101014,0,0.12829031674495298
108833,0,0.08491150550870066
111034,0,0.17382829209022777
104035,0,0.31788823931682564
105529,0,0.1430477458569559
109750,0,0.08839115582167485
111178,0,0.24752720471746079
107732,0,0.2596122131281039
103091,0,0.20581402270416954
108306,1,0.46423214387526646
109066,0,0.2737049137138891
105256,0,0.546260170244531
114414,0,0.5272369001992562
109966,0,0.18116472796161287
114504,0,0.5251016550563115
106388,0,0.18128384148832669
114085,0,0.4263731825917991
103497,0,0.6408531333216805
114220,0,0.5467089440212867
103384,0,0.35326842095095223
100864,1,0.4528989042697901
100395,0,0.1369187555866767
110906,0,0.1058958646833814
102443,0,0.30992827925061267
111984,0,0.44794290987009294
108903,0,0.2948434050972731
103050,0,0.24023289355175131
114449,0,0.20096723309192743
108033,0,0.15207484083934916
102010,1,0.6248512391581997
113674,0,0.3854806620822346
113832,0,0.26088782457092774
105917,0,0.6466393359528947
102360,0,0.20155618917534046
106178,0,0.1830708821288077
104671,0,0.6385666191793118
108416,0,0.19152652777954549
101037,1,0.671688118848617
110565,0,0.18526510264432117
104090,0,0.4098254174951452
102217,0,0.21083423165633888
101872,0,0.1571088942226121
103273,0,0.2883419631748274
109869,0,0.17483424787930066
112606,0,0.5513361781178966
113739,0,0.5975687325680286
112334,0,0.3518749677995237
101818,0,0.10904270899128526
100008,0,0.15440229042478695
106295,0,0.4747539250606929
107403,0,0.5390776074390189
111455,0,0.7060151326613974
113690,1,0.18572303286981326
113080,0,0.15508679734708097
109848,0,0.25976905243176257
106959,0,0.5845695924730744
107004,0,0.1675288826263398
102748,0,0.1705659337076199
114135,0,0.7062358813035652
100662,1,0.45629725041212915
113808,0,0.3684719290900455
104380,0,0.21040084433949383
102598,0,0.13487439871360973
107057,0,0.48667378712382525
106638,0,0.44331655566201333
102044,0,0.18483964897818864
106063,0,0.17669492785346885
112283,0,0.6365710341991639
101608,0,0.20035257897862244
103475,0,0.26780941613482717
103487,0,0.12170490841643937
112162,0,0.07234214336115605
100999,0,0.2629291871729289
109616,1,0.6051467237136486
112310,0,0.39630133786988225
111803,0,0.5981842437109606
102252,0,0.20998101557794516
102156,1,0.7292604858164581
103277,0,0.553474452515637
111138,0,0.5922231918628879
102562,0,0.41049892809731797
102145,0,0.27126701434332046
105012,0,0.6089879699729092
109170,0,0.6801929931513073
111917,1,0.7472415829556419
112509,0,0.6149682430027081
112811,0,0.5376722608268213
107065,0,0.5111257056662892
106471,0,0.0854605441900128
102512,0,0.6317285942274166
105999,0,0.13688173879290108
112793,1,0.4867950528489438
104868,0,0.3288701849527767
108501,0,0.7429588065848352
104496,0,0.696511513800694
104885,1,0.6690338186414544
113520,0,0.28076675049950184
113840,0,0.6348199673148549
102980,0,0.16646057950415472
104453,1,0.5196793611936412
103943,0,0.2582401348624968
102083,0,0.6241896925372205
100446,0,0.33287606500182065
111408,0,0.7759437975636101
102963,0,0.1220168055718542
111730,0,0.28246470853208006
110555,0,0.5083944701349961
101119,0,0.3153484519012512
110711,0,0.21202020726247503
105106,0,0.5883118372795336
108195,0,0.4429198521929486
112230,1,0.46293348151808306
109092,0,0.09929053566847378
114178,0,0.1574220118565898
103533,0,0.1900574439664426
109413,0,0.7326476941116616
106536,0,0.6058750063905711
108576,0,0.1399271019863745
109805,0,0.25772156605588686
111398,0,0.2804160921409313
103124,0,0.24783031524656196
111552,1,0.5774299796892873
104504,0,0.20588174649730612
106933,0,0.3609396424042002
100865,0,0.7123817545478456
109930,0,0.19898679186670845
103082,0,0.22242997568008419
105070,0,0.6079366271842985
112837,0,0.13652522171434175
103797,0,0.45877151427455376
109719,1,0.5007523163563247
106651,0,0.6991481371239504
100787,0,0.6837730330455246
103694,0,0.20194907525613037
112073,0,0.10113055291943286
101508,0,0.596001949258588
104156,0,0.184852859071419
107609,0,0.7314908459421294
110471,0,0.5689711433738925
100382,0,0.35084849029794557
105682,0,0.07988890100777737
110848,0,0.26273887251924943
106815,0,0.22171049456047087
102439,0,0.19073040989410178
101592,1,0.8071278241967423
107007,0,0.33308568517209747
114025,0,0.5632306270297196
111512,0,0.5658094753075844
104511,0,0.30210691113716254
100202,0,0.0879725113115265
101708,0,0.11688306507163089
113785,0,0.5007648805782982
108990,0,0.12176619486859967
106374,0,0.6039717107423046
101208,0,0.5761971406615113
109486,0,0.20069016516010355
101165,0,0.22675732462870693
106780,0,0.4231618370688336
101962,1,0.3834170526568151
107502,0,0.4342986237476963
111462,0,0.18724263703969998
114058,0,0.16962706162413585
106867,0,0.7326053641505171
101056,0,0.6067174776243064
114595,1,0.633059960571757
111836,0,0.5787187990560949
110475,0,0.5684233860580544
102594,0,0.5243670592373855
110923,0,0.7203221617106812
106179,0,0.7023264913270044
110119,0,0.24805583493539463
112317,0,0.6198086213061363
105152,0,0.09410170233443974
110295,0,0.2560357876476004
110805,0,0.24587752571129623
103581,0,0.12729359204542903
100452,0,0.09121074643949846
102048,0,0.3828155465349539
109945,1,0.7164595480558579
103528,0,0.3408385888870919
113712,0,0.24828277403837073
106951,0,0.5428208801005138
105555,0,0.15906249550784624
101676,0,0.6815214873967121
107037,0,0.14426383638948984
102785,0,0.1444237608658892
108392,0,0.1856891197163518
113813,1,0.27464814529739623
111830,1,0.7608717606657885
106270,0,0.13252569221268956
105023,1,0.6330210846243789
107857,0,0.186275112730393
101503,0,0.24633508451124628
100347,0,0.11843678491920405
114229,0,0.0899143929552276
102155,0,0.2349607754169927
111840,0,0.3008140684460984
107859,0,0.22862300221599227
101296,0,0.47341332039384204
109290,0,0.07879819451149722
104680,0,0.1886738897050798
113935,1,0.6668547770388962
107804,0,0.1130999687173401
110185,1,0.7854261062123721
103311,0,0.27656032619212284
114097,0,0.15376314125990828
108949,0,0.11609505692086264
103381,0,0.3392842064311066
103034,0,0.7753092507522524
104759,0,0.15409701684544336
101621,0,0.5978954979454348
108599,0,0.20518445604189028
114409,0,0.09225869066719361
111230,0,0.1667199696553108
102899,0,0.336039229171377
106615,0,0.2507860009183762
101627,0,0.1852258712860155
109169,0,0.29716582216174425
107110,0,0.28616700803285744
112114,0,0.18360729144160173
114235,0,0.7022946711117172
106496,0,0.17133429364301703
110296,0,0.26427176520973444
110599,0,0.28695381426956185
102895,0,0.34327493092241523
104168,0,0.5400686421201706
112824,0,0.2084134046119555
104664,1,0.6441894697083406
108814,1,0.7113815636945792
114193,0,0.40447817555358373
114783,0,0.7082277822396063
102376,0,0.1510197344291399
113078,0,0.31757469476610733
113183,0,0.18980887246392542
104746,0,0.5804375671630332
103044,0,0.1053569655005649
101532,0,0.27209042749753887
101390,0,0.5325954910419523
114702,1,0.7199410065230126
110379,0,0.3173788121481919
106627,0,0.40702346561738656
105770,0,0.12320628268230929
107014,1,0.6361222009102468
114167,0,0.3469570307156617
102731,0,0.15072651568592635
114589,0,0.34832378207204895
108821,1,0.25266882728528234
107568,0,0.5380027269087453
114317,1,0.6235480024939274
108829,0,0.3508551376967357
107762,0,0.4879376837357327
114134,0,0.6840919709253874
110909,0,0.5016948976398925
102400,0,0.4052382991366079
101188,0,0.36680279052854
103045,0,0.4351279926655318
107358,0,0.18148879475436216
103036,0,0.4371103941443962
102747,0,0.294848879643974
102184,1,0.7101591290843382
104607,1,0.6818814023868196
106970,1,0.5233078360939525
113459,0,0.5767367638824616
103925,0,0.17775975517884865
112731,0,0.48203799867122116
102586,0,0.26236256321256524
107066,0,0.1862984441353433
110301,0,0.18506801906156264
112293,0,0.4764845973379001
114394,0,0.1693350667489183
113299,0,0.5962796876329897
108428,1,0.610373224742528
105702,0,0.1049062122001289
110421,0,0.6350079354494476
103920,1,0.6438205412877529
107464,0,0.6532880321106469
104711,0,0.23631504401726236
114475,0,0.19337085390959816
100259,0,0.2596738643348312
107289,0,0.737887142284465
111459,0,0.2078895570451311
100029,0,0.6280427611384024
110141,0,0.23340474964201027
108802,0,0.3889528218404616
109355,0,0.18454249408634296
102739,1,0.626750031156857
104604,0,0.6299062303229787
110683,0,0.5020007493156545
105310,1,0.49078397756262726
101222,1,0.8074437966923105
108601,0,0.5209448459792078
108245,0,0.5720630532473836
109364,0,0.18721444940036988
114748,0,0.49298716781899704
107119,0,0.2773506480662719
109371,0,0.5550368056332832
106548,0,0.24969334035597796
106700,1,0.34497560186374293
114710,1,0.5594838930465523
105735,0,0.7819555109840098
109110,0,0.33702260466621164
108934,0,0.3121807405685054
109118,0,0.8084764075635614
105767,0,0.2486231561688909
103894,1,0.448623313057186
102602,0,0.1996547148873656
112610,1,0.7048889787976197
113574,1,0.3399243357391191
104753,0,0.2607566982359578
100788,0,0.14149792302915923
108183,0,0.2073966387798399
104089,0,0.5125324378202827
100909,0,0.4883705570367793
110472,0,0.25365082160754815
107766,0,0.2414932047137709
113023,0,0.24256167135023332
109679,0,0.13679023373926613
100681,0,0.2669748299011598
111457,0,0.15387858869870838
109872,0,0.6683783860049708
108472,1,0.7120201880888201
112851,0,0.5713126684597535
100616,0,0.27525808916477185
100483,0,0.12308521811648776
104054,0,0.1796916273306538
113057,0,0.1540623367890827
114819,0,0.35001597531602946
105485,0,0.5047033710482889
101372,0,0.10121809720211838
109522,1,0.7022991394154875
103194,0,0.5272981936423533
101370,0,0.5116934449929398
100889,0,0.6964434879847243
110302,0,0.09143160788555717
105329,0,0.3717169254665192
101227,0,0.2660680001301412
109947,0,0.14283346108440825
101873,1,0.5766891912558876
108170,0,0.5551179446208898
113155,0,0.2258618692751539
101762,0,0.07643396796651288
111703,1,0.5453628605889672
103633,0,0.15913829880469105
108215,0,0.5968136326716148
100705,0,0.12737663664161392
101765,0,0.591118187410274
102927,0,0.622439995168453
105667,0,0.1842250055859182
100463,0,0.37151841589862405
113130,1,0.8125130357239531
108959,0,0.5225549077596873
113535,0,0.3210704942278367
109633,0,0.13475322229438602
109875,0,0.21944544341511862
109839,0,0.24661147083821286
102117,0,0.14307098454879566
104846,0,0.25667651842354755
101705,0,0.16515371136183257
105863,0,0.19803024147055442
106597,0,0.3925288241301404
103590,0,0.2856378398666495
108378,0,0.19584551343501283
106465,0,0.10354569981840561
113089,0,0.47537146573463823
105624,0,0.22587763836185062
107891,0,0.18880586910165287
110057,0,0.13518193791301453
112181,0,0.2899275450877921
112236,0,0.21786492885685513
112950,0,0.40941927157435704
103821,1,0.7289752118610489
109285,0,0.3635512878806306
105503,1,0.44478761783782184
102158,0,0.34250999814446964
113602,0,0.2765580419102652
103689,0,0.10689068902375877
112056,0,0.14525607767529725
106764,0,0.6361538405085051
110726,0,0.5201302615234525
100091,1,0.6065062269972985
104072,0,0.2399011516746217
105834,0,0.12136160814028266
111775,0,0.19250563607724763
103316,0,0.12461878966564068
102204,0,0.5852369586341782
110821,0,0.23016755927132057
110092,0,0.5564889100544207
100368,0,0.19377519627599044
103704,0,0.47390283386433546
112223,1,0.7713857651858596
114117,0,0.29001475953415445
103859,1,0.7636605652055037
107047,0,0.46849318677785895
109514,0,0.6158159844898308
109055,1,0.22620224408644587
101886,0,0.6989165711085734
100045,0,0.2043418225618746
112504,0,0.14836070253414793
113815,0,0.7195377448054
108717,0,0.14714789911508233
103727,0,0.4541255209113669
111246,0,0.25208488766854137
104325,0,0.15193604246474948
114757,1,0.7137603623553566
104240,0,0.3372978538518748
107663,1,0.6027804260245703
100295,0,0.17540179278390486
108231,0,0.3087835367758863
102240,0,0.4577750924551669
103816,0,0.6718195884509777
114388,0,0.4667772915374751
113781,0,0.39092436599823166
113086,0,0.26487144951519637
105724,0,0.6487741933250551
106082,0,0.16686216687616443
105110,0,0.6066577969017743
110059,1,0.6173840242952249
100389,0,0.4010561816814503
113346,0,0.3120397249606046
114724,0,0.4981206114475008
113937,0,0.5906579995193314
110965,0,0.28271514827444266
106052,0,0.2569089628754981
113262,1,0.7085891629002578
107189,0,0.21111488070429268
112884,0,0.3542854661475178
101455,0,0.3158024826110204
105974,0,0.2616445105760356
100456,0,0.24536459191367682
109360,1,0.6981923874220566
109167,0,0.24779428387592367
103869,0,0.10655565852635734
100576,0,0.24594297478030858
113049,0,0.09128830345773055
105063,0,0.6109366765811152
110897,0,0.1678765751422011
109144,0,0.12412051494337019
111154,1,0.7134210416634459
111397,0,0.5442608307013018
114040,0,0.18671247449246356
102634,0,0.24774807208969488
105979,0,0.09676587971777072
109975,0,0.2847720626072341
105314,0,0.5365354473490503
103465,0,0.3603472886376794
111373,1,0.7700078409344665
110538,0,0.4893863645434013
110687,0,0.15415774097178903
100014,1,0.3124343830537789
105966,0,0.5310360221665847
103766,0,0.4472525546503959
111385,0,0.0972752437768628
107446,0,0.25158694194257836
112201,0,0.2598770958411713
100135,0,0.2548332998503913
106009,0,0.6583941892244213
102761,0,0.5370521204103157
104792,0,0.3283598886976846
107897,0,0.10142404227938868
100752,1,0.7955563075679022
111214,1,0.606214238552496
103039,0,0.4674059455102245
106237,0,0.10322315012472827
109594,1,0.6170870667807813
100379,0,0.6604275788884651
103297,1,0.7534851723084924
105681,0,0.24137857032022225
112603,0,0.45205872108647543
108994,0,0.6717018405726497
106837,0,0.4575486629563972
104164,1,0.6856061928273681
111751,0,0.2296854526972145
101516,0,0.1890100781359443
110513,0,0.2635559947529556
100352,0,0.44257180317697475
106912,0,0.6193362083527462
111725,0,0.27842410044701704
100881,0,0.254020044043177
112659,1,0.2641944714061036
110420,0,0.5521426041436844
108809,0,0.1742214414049471
107547,0,0.209095696433073
101174,0,0.3385477940600208
112741,0,0.2472524494708081
112592,1,0.14836358059849433
111428,0,0.5355839671564107
109232,0,0.09667300365794136
100666,0,0.6784201310098992
113776,1,0.452122921481055
104444,0,0.1778896008816081
111037,0,0.27726333298692796
107625,0,0.2928793022885231
112333,0,0.5140759009237027
106187,0,0.2134043735447409
109714,0,0.7063200823246993
106356,0,0.2974226322525534
108194,0,0.33096514513345293
110018,0,0.10931466985412537
106452,0,0.5762710869052287
106197,0,0.6037212109258698
106531,0,0.2800335529966639
106185,0,0.5776476349910518
104033,0,0.337509123143201
113329,0,0.2770352454587176
100687,0,0.490311773404589
109467,0,0.5217346128074818
109504,0,0.470897764754122
105228,0,0.15903623566451675
107034,0,0.4557823169146034
110353,0,0.07721062153094926
112992,0,0.23455449484585236
104628,0,0.24163817890892442
110430,0,0.4649861464985164
112698,1,0.6129141799924979
112232,0,0.31943386163357457
104801,0,0.6678523147934282
112988,0,0.14619471124981478
106890,1,0.24105838596123544
113242,0,0.22096094036884262
106497,0,0.5591056672932807
104474,0,0.21418029422817872
107301,0,0.4785333416170503
113065,0,0.16736723431368916
110794,0,0.12276060433512652
114793,0,0.4246603859748495
102901,0,0.3140797852378982
109933,1,0.6556924142378769
109892,0,0.603216723503657
110927,1,0.526244246834443
113017,0,0.517347075295627
104725,0,0.3551852913080686
114313,0,0.3258511089496942
112678,0,0.6016625722927987
101446,0,0.702836256726172
111660,1,0.7675995423582985
102511,0,0.43263901474727334
100436,0,0.1564485527102428
114412,0,0.16408726223644446
112251,0,0.13103027196951544
104046,1,0.7164011676138758
105871,0,0.1299804394696158
112737,0,0.5952122715965092
103377,0,0.13668557965971315
114618,0,0.1095273024117986
114280,0,0.12954230976650277
108718,0,0.22510662456083816
104234,0,0.6404523066576217
108900,0,0.3842145255486212
110778,0,0.6036869331897259
111508,1,0.22541161930321238
106504,0,0.5428365317934688
104065,0,0.1793217403210266
109615,0,0.20858922637072205
101782,0,0.29762446305319834
105383,1,0.6870140275739778
100464,0,0.14178467641015646
106598,0,0.2780701239598878
103862,0,0.3971106876952282
102677,0,0.27871217563795964
105258,0,0.22845418069719173
104472,0,0.5426943574369508
107355,1,0.5476578981042884
105056,0,0.28508616059190484
103392,0,0.21012145912324678
114094,1,0.4938563521545158
108811,1,0.6667570247009811
109951,1,0.4894166388823014
101448,1,0.7340394988975791
111710,0,0.3534973306881909
104831,0,0.34576250302899786
105884,0,0.591391773374034
114250,0,0.24069246218880835
111232,0,0.279609329194991
108116,0,0.6250063909681478
108066,1,0.7235584129663667
114473,0,0.1909169651077053
109943,1,0.5971341107086948
104466,0,0.42039777448943655
106718,0,0.1393562340771667
103157,0,0.587456043322044
111448,0,0.37691458457868293
102375,0,0.18074491629493128
107544,0,0.4600720225244201
110505,0,0.3499647692065472
104851,0,0.37211082434394865
110757,0,0.14787868472941318
109797,1,0.6998381262435134
104575,0,0.19365929922674746
100890,0,0.7024213404112392
112104,0,0.2172863108513064
102977,1,0.4863388754765572
109956,0,0.25993663898775776
100768,0,0.17056115010185582
111639,0,0.21756966285252247
114484,0,0.614572024001711
109343,0,0.10402777132444486
108063,1,0.42176223085558123
108320,0,0.14785213892149357
106473,0,0.5370520488356514
103206,0,0.6141639241046893
114245,0,0.5329931642366379
109084,0,0.1098598618636723
110606,0,0.6843475027944634
110087,0,0.08334398877755306
108813,0,0.15672079367056815
109509,0,0.11615189567999103
113449,0,0.2761128888843047
101695,0,0.1487636302455602
114432,1,0.7697188042693819
103151,0,0.5534089789322534
101221,0,0.6887512973006829
101113,0,0.426246749610819
103431,1,0.7594642472821425
104309,0,0.19913860888269375
104151,0,0.1320454481079597
109563,0,0.08848214485671542
110436,0,0.2209998138397645
113616,0,0.4927203491761684
113332,0,0.6312376486435014
110009,0,0.24099546969344976
101715,0,0.5130416919778409
109207,1,0.5038294464064573
106492,0,0.22775992166277134
106363,0,0.16090792571679766
108538,0,0.5740442460933518
108051,0,0.1139495439983524
101025,0,0.35684990295114155
104257,0,0.7091749529590321
100589,0,0.3514874044532531
105042,0,0.4360885360086776
104716,0,0.21544062872770353
107276,0,0.3480087760161939
111838,0,0.15426165905070743
114445,1,0.22716466361812693
111617,0,0.6658061579848028
108374,0,0.2758618091225625
103055,0,0.5357366734239518
109150,1,0.5469812652639783
112801,1,0.3112510820730183
108189,0,0.4238361694995428
110777,0,0.18138272835430352
105521,0,0.4373087805647044
100958,1,0.6639434620229392
110055,0,0.42291757369905997
102946,0,0.2273646790864861
111789,1,0.52691722762624
107962,0,0.1951907424315303
104082,0,0.21438449798538248
102528,0,0.51548676496191
112621,0,0.16630075939798827
114619,0,0.2362514726881765
101238,0,0.15917064790696658
105913,0,0.16949894849711153
112036,0,0.10163801919873532
107577,0,0.7341212206228895
107689,0,0.5212797126255104
112450,0,0.4820914634163352
113143,0,0.37505993984055586
109974,0,0.18778120776641882
113401,0,0.6622921101454996
103257,0,0.5221073491332656
104293,0,0.6359201534959625
100513,0,0.5568609300908837
103074,0,0.2051072195282843
103923,0,0.22466162847314058
114331,1,0.17803485367083347
111864,1,0.2958884203478621
112514,0,0.3093416310681643
100320,0,0.2319972013694916
111674,0,0.336156966469466
106029,0,0.34833179972298495
110651,0,0.4401054240896546
108146,1,0.767160147275708
111717,0,0.09184481368702269
110338,0,0.4591042930952463
109581,1,0.8075020896082546
106346,1,0.30218866278422113
104516,0,0.14144464339063018
111826,0,0.15508967933432735
105756,0,0.5646910556292969
107216,0,0.3670586065431887
102067,0,0.2738312894536067
112869,0,0.18975932277746896
110283,1,0.2964306538090412
102447,0,0.17138101203014489
108763,0,0.6240710378685969
100796,1,0.7666486841284933
109788,0,0.6400575785014414
105660,0,0.4292992588438921
101129,0,0.2809432379489741
113955,0,0.2809088370377846
108433,0,0.16120875616793293
101769,0,0.3824868945447493
111666,0,0.5867288258271176
105365,0,0.1859272099029702
107963,0,0.5547578031554574
103660,0,0.527738800952807
109948,0,0.2610554802157376
114568,1,0.513961543583726
104949,0,0.29329976355210635
104024,0,0.16469689562433065
113111,0,0.4194255948579185
108646,0,0.6258101105879725
110669,0,0.5470217967853105
108087,1,0.6627640379382351
106905,0,0.28479854144253086
101526,0,0.5727064195849138
113241,0,0.16295550435662343
105366,0,0.2563203294065372
100270,0,0.1489711817434175
100516,1,0.7471058435898191
102027,0,0.42197851630563465
103410,0,0.6785528333448742
101640,1,0.5298863104420329
112396,0,0.45568863168852614
110682,0,0.4867081888952102
113068,1,0.33578522155771684
110698,0,0.533083412991955
112601,0,0.11163929502731428
107754,0,0.6048759142315181
111926,1,0.6880000847289034
112200,0,0.25136442461556197
103841,0,0.1454701851198185
109612,0,0.7097432555222977
107769,1,0.7371263343434222
104954,1,0.549761699680839
102770,0,0.159172168369101
109652,0,0.7791354039223013
102503,1,0.586334567362369
114798,0,0.4933219054603572
102042,0,0.1462179172460962
110287,0,0.22723319421233404
114146,0,0.4769811192421214
101965,0,0.7306971603221151
109133,1,0.6570672488262331
112387,0,0.37575656132378893
109593,1,0.28161093029034673
104383,0,0.47998855448941374
102481,0,0.4048796140161408
112600,0,0.3594538792721447
100514,0,0.2496293302957541
113117,1,0.5507992438153914
109738,1,0.7262545323239082
101182,0,0.10085616117791733
109916,0,0.5205062155141639
102442,0,0.21929162063702642
110762,1,0.6846573761318069
105375,0,0.34564694049858746
114717,1,0.6535046892964695
102536,0,0.35283312668299066
103564,0,0.1608252342582845
105727,0,0.5837917383275607
107991,0,0.34497926401424844
103966,0,0.4275852541392429
112945,0,0.7665378339063041
100435,1,0.39227722773488966
106229,1,0.7007699748552055
102137,0,0.17792432982948533
101916,0,0.09649907740156219
106920,0,0.44376711088906945
110859,0,0.6786012751262597
109767,0,0.27974234394467123
112219,0,0.21648942609669233
104061,1,0.5280248060967538
111134,0,0.6436370336026226
102052,0,0.2267147395184019
101420,0,0.12805332829753607
102341,0,0.6190952512549186
108039,0,0.1136027373945294
103126,1,0.6100402671702321
102142,0,0.5717056835300873
105716,0,0.19854136261039007
112913,0,0.20186776180452035
102272,1,0.6903849876718091
110352,0,0.6180363925215526
104379,1,0.6684232546031889
107275,0,0.12875771169513853
110949,0,0.3833404388186716
114668,0,0.11565829663433029
100075,0,0.33407167652256003
103012,0,0.5991834856181797
103422,0,0.5029153517043722
104733,0,0.20438320420418676
108863,1,0.6356064645452405
102484,0,0.14444392451100202
101662,0,0.46457821002213534
109497,0,0.11897527526389585
106462,0,0.5942462416815105
110857,1,0.6925005247906683
106483,1,0.3965049526862034
114136,1,0.6894870752609514
112912,1,0.6876929020822369
100103,0,0.4556950822349508
102280,0,0.6324024341970386
107054,0,0.28311198506675356
112301,0,0.27081161579292956
110082,0,0.40263817375841027
106032,1,0.5571602225233305
106025,1,0.4314506446589063
103941,1,0.5296198288025319
110371,0,0.514438897087546
103463,0,0.12823461119807258
102767,0,0.7568492254230835
100041,0,0.665068828690195
113335,0,0.3708173936744832
105189,0,0.12646259385659675
103294,0,0.31801286087272485
104554,0,0.19046494011670176
106160,0,0.6088851451549283
102392,0,0.25366104695400493
108025,0,0.6704508926041824
107214,0,0.2955702284964153
107879,0,0.15381514152189124
106312,0,0.3068470234396235
104458,0,0.12655284294299438
101691,0,0.1742895676915515
101809,0,0.324280697413017
103975,0,0.4547620042108357
108643,0,0.1852501212693744
108269,1,0.6587729027170198
110053,0,0.18891840367863008
104570,0,0.14128614391589114
107133,0,0.1743133661045707
107224,0,0.2292664508307803
102310,0,0.20983349507322013
111479,0,0.6744423875501036
105469,0,0.23636553570780974
109741,1,0.5316958173139023
112642,0,0.3047683769253008
111519,0,0.6251727904720846
114665,0,0.14567942838036066
105822,0,0.24806179872599315
109866,0,0.3081237389063729
104448,0,0.2819378422354475
101864,0,0.3680810200200314
104744,0,0.5345655536164341
105731,0,0.16233486728977045
114349,0,0.1252435320166225
111116,0,0.14873040165977502
106515,0,0.7818563964684349
101421,0,0.38376328396486414
106569,0,0.1388969614315022
110222,0,0.10173755678963586
105499,0,0.20589250406677015
106056,0,0.38217624458392746
103935,0,0.749306800305944
103450,0,0.6287010014087702
102220,0,0.3860969098327179
109967,0,0.17134871201910032
101282,0,0.5508377549055302
114601,0,0.2002098678518696
107778,0,0.5425982300916048
110384,1,0.8137698439493494
100548,0,0.6585202933914185
112076,0,0.39797813695890816
112904,0,0.44132155576923177
105623,1,0.6446328562628807
109341,0,0.1324855101542494
101741,1,0.23734687088360096
113842,0,0.12053085115105851
112365,0,0.16526216623770043
105672,0,0.20498187009837493
105899,0,0.09840020997768031
104808,0,0.33985565151624125
111769,0,0.6313417787907072
111017,0,0.11748620993196779
104975,0,0.3325464067754782
107532,1,0.6287082745747508
102515,0,0.4879309066901797
105406,0,0.16516059088057583
107247,0,0.655872801834169
100398,0,0.4376978910447095
100416,0,0.3211006578466192
112046,0,0.25328513858796575
114470,0,0.1460697895415304
109801,0,0.672030538200294
102612,0,0.2884275021790288
105720,0,0.10257285094642772
109852,1,0.6117332230146031
104407,0,0.22670264848995209
107374,0,0.2656759312523361
108737,0,0.6938995791028889
109600,0,0.09112904125178203
114637,0,0.5015914256401112
103432,0,0.1886979172556218
112292,0,0.3482520893220762
108638,0,0.4938160268842008
111632,1,0.6721180489080251
101735,1,0.45516834987484467
103203,0,0.4399505864626068
101520,0,0.14495096198451357
111580,0,0.32916328022252606
106304,0,0.5027907300075937
103223,0,0.6022988463535183
104559,0,0.2966240838357263
114466,0,0.1676506302536513
114423,0,0.25608113012549805
113400,0,0.22176879231100932
104028,0,0.10527556168634648
108942,0,0.6993752587521513
108624,0,0.10397370009073463
104874,0,0.14027601803260556
114493,0,0.5980401541445856
100067,0,0.3296706233742049
112979,1,0.6774171119860046
102500,0,0.6110992202035458
110431,0,0.4231520367908988
101493,0,0.15202463159545315
113617,1,0.6766954904992467
102879,0,0.574286156714065
112935,0,0.5199954178340769
110437,0,0.475135044933488
107779,1,0.5342634075383813
101748,1,0.4344456973125027
100847,0,0.14922540231487222
113163,0,0.6083014527289086
113655,0,0.6582893918987761
111852,0,0.643805627783129
105560,0,0.6862685267733398
107771,0,0.6411443151510027
109314,0,0.27123774369860065
106061,0,0.15076534471995484
107723,0,0.1241043006956337
100288,0,0.5840260079938132
108504,0,0.4378967599006063
113923,1,0.2843993049038072
104898,0,0.6414787127067189
104056,0,0.4849813476372949
106635,0,0.4319564067394332
105962,0,0.23852927858309983
109712,0,0.22204831309866985
108166,0,0.13486040098655822
112176,0,0.40263540567873773
102103,0,0.2567298325323601
104563,0,0.19625583061647742
113884,0,0.3444690004324356
113973,0,0.13850405771946392
112268,1,0.21122758166189737
101068,0,0.1538117178647525
105382,0,0.11029405911524202
108895,0,0.1034868130843098
114772,0,0.4807121580184479
102667,0,0.1051253958374173
109427,0,0.6221546938713804
110014,0,0.6568696923066798
100935,0,0.31240123795836217
108530,0,0.17530320707791586
108142,0,0.6639415085236405
108211,0,0.4928193743861787
113499,0,0.48496798665381863
112820,0,0.8009722047495104
113843,0,0.2084234487784887
102085,0,0.6787246917334488
110203,0,0.6643730015650764
114113,0,0.5051453106746787
104301,0,0.09534119246879173
109027,0,0.21543657231740285
103469,0,0.560852109448125
101244,0,0.6497401360516043
111433,0,0.5152633355365552
101098,0,0.28918313478626395
108779,0,0.410515099897024
101052,0,0.21959223392178606
100551,1,0.732419202548431
105047,0,0.172898878175364
113983,0,0.28171878166666237
113644,0,0.5219278697850804
112191,0,0.12719322774727176
105761,0,0.4866898651295735
114320,0,0.2682523844987567
113856,1,0.647253248524248
101064,0,0.1306737901021814
106157,0,0.13336714135616445
107666,0,0.2473785628346744
109094,0,0.2497993521763478
109408,0,0.6716243469896351
114248,0,0.46071635977614317
101550,0,0.13960331024132924
113595,0,0.4564212967266484
105875,0,0.14684131929982785
108013,0,0.11386291234914658
100361,1,0.49955346028409814
112318,0,0.1467101931509065
108728,0,0.5541888097921004
105776,0,0.5559272833744549
109851,0,0.16315002116347388
101000,0,0.442683772946266
100930,0,0.24952147564359412
108870,0,0.334498529296761
100957,1,0.4475740000748772
105748,0,0.16279145481962057
107699,0,0.6817220216743933
109844,0,0.16649675209314488
110453,0,0.4776438819022
107495,0,0.17895629884364314
108553,0,0.6816365062041497
107357,1,0.6662622738461133
111610,0,0.6231075710977834
103849,0,0.1460836188942101
107165,0,0.22623678023068075
104681,0,0.5649780774499551
103947,0,0.2392721382454976
110736,0,0.1131455929918616
102080,0,0.7183894080370113
103964,0,0.1449604972830136
109101,0,0.4767677289955811
109567,1,0.47026911618559686
104543,0,0.43251702768339717
110896,0,0.5146372949863087
105170,0,0.7294976232984407
102419,0,0.1739016150228755
101901,1,0.396335481396597
101149,0,0.2631634289199655
101647,0,0.36064874477370795
112047,0,0.3136812953550208
112726,0,0.20685208420234782
104208,1,0.655659182189976
108627,0,0.13516384377682902
108522,0,0.556427740175277
111205,0,0.2853724096517598
106015,1,0.5777034611536238
104178,0,0.27976772681507767
105368,0,0.1482466668320539
103056,0,0.4137194959901316
109142,0,0.28418729485812905
109284,0,0.2046796057655833
103890,0,0.6249076314265015
103123,0,0.5986049946261796
104785,0,0.2609493085521633
100742,0,0.21024038136944864
110044,0,0.553946925959603
106946,0,0.4346095897564991
110644,0,0.3805559875597925
100743,0,0.6503113387464665
101545,0,0.28869783636161
113592,0,0.5699626746719713
108961,0,0.5038386677837576
106406,0,0.11192045021945406
113700,0,0.4267308394025202
100090,0,0.34659364652994223
103889,0,0.18460073307173683
111173,0,0.6083087014421945
112543,0,0.28465659552977135
100400,0,0.3274987758621701
111371,0,0.21909729306819462
112967,0,0.109887584014747
114450,0,0.17448483614884214
101058,1,0.6448175950769233
103325,0,0.29831453829572174
114611,1,0.566027950775884
110161,1,0.8413933086001668
110770,1,0.46075179648426723
110010,0,0.28723948058993276
111147,0,0.49742188497451734
112415,0,0.2164285706429854
103520,0,0.2847157173209031
112804,0,0.5809444541142335
100371,0,0.4120663002752487
111117,0,0.6457503430093455
113071,0,0.2602952945831239
106236,0,0.18690223735815406
104336,0,0.1611634226326079
108666,0,0.13115180193875445
111722,0,0.38861393264538935
113890,1,0.5229337336289546
103773,0,0.5987707363821163
101699,0,0.41921820444515706
102827,0,0.2092192904007284
106913,0,0.6329360266406412
108162,0,0.13203998711654835
109267,0,0.6377736310724128
111796,0,0.6033077330332065
114391,0,0.08409321809436196
110129,1,0.7262940240260206
104260,0,0.5470615592554903
104047,0,0.7235521272968054
100415,0,0.13736069957886915
108293,0,0.14018128099663024
109050,1,0.4712287094339297
102491,0,0.19440721832447433
105257,0,0.4910183391399763
106788,1,0.2630391599167894
104819,0,0.16345585118368622
107206,0,0.10074092575882679
113557,0,0.18406139232296836
102609,0,0.41567742645178946
102706,0,0.48849367922332276
100410,0,0.18558805982891424
106922,0,0.24651911959801504
102640,0,0.1632550748100839
112660,0,0.406123973374559
109070,0,0.5285352722364963
105212,0,0.496212361986966
107118,0,0.48513889651436465
104728,0,0.4458101817119485
111812,1,0.6199978255510513
105448,0,0.19787331760738322
110511,1,0.5655256529621514
104392,0,0.4971759635117313
100759,0,0.581057736485941
105605,1,0.7079675401075264
108120,0,0.469772859177681
100928,0,0.27945829248279563
102704,0,0.2644760742073446
109938,1,0.41388710509160526
100491,0,0.2595230608685496
106210,0,0.7671062295292216
110813,1,0.7196013585500267
112455,0,0.20649052577995536
100670,0,0.4885504534002838
101949,1,0.6761650789135536
113556,0,0.3482920921847598
102689,0,0.2456676436132533
107642,0,0.6870191185906623
112466,0,0.31166520893682875
100376,0,0.21128254336365454
110158,0,0.5573692884222193
113759,1,0.6456354575182066
104306,0,0.43037542246644583
114253,0,0.7386204937989492
106843,0,0.3834282486027662
102555,0,0.2948192191412584
112753,0,0.43823667335645394
101836,0,0.1952905931894037
104249,0,0.24580094841536307
101720,0,0.6525000595629876
109033,0,0.3076002641189149
104942,0,0.6864139552588848
110383,0,0.3395633090239912
103791,0,0.4873537196683923
106099,1,0.1547129326669423
110684,0,0.47824661704956917
106480,0,0.22812342918040998
112067,0,0.5361473754008829
105671,0,0.1946273338917141
111352,0,0.15564568046746677
110245,0,0.10169421757013311
110173,0,0.12720884225894918
113549,0,0.4898740688501803
103627,0,0.5454063812111433
110915,0,0.19838538281758872
103730,0,0.36188606694527614
101392,0,0.6298510746395116
109775,0,0.18279661899218616
112997,0,0.16842463869195362
109119,0,0.6616324519282286
100724,0,0.48044541221775794
110889,0,0.1565933466311723
110336,0,0.6910181955593322
108158,0,0.32952653470250126
103774,0,0.5334471287141169
109237,0,0.5051627537918948
113476,0,0.27397272039126924
100944,0,0.14608892967536757
102961,0,0.22079029460840374
107100,0,0.6234865342906132
104395,0,0.432145852826994
112868,0,0.2345937450388405
113561,0,0.43452812927913337
109978,0,0.6354303273523813
102441,0,0.4876754369176276
113671,0,0.4011049029318666
108559,0,0.28767333262039463
109965,0,0.6443812955607364
108047,1,0.7271418682014688
112767,0,0.4605586191086932
100919,0,0.7184287132223677
113110,0,0.10550311833116652
107399,0,0.16568628776457772
112705,0,0.6545886585612571
109482,1,0.43616163114412254
113564,0,0.4612421904080057
106016,0,0.25114135756966094
107612,1,0.44329058051766773
108322,0,0.7064679003236662
104327,0,0.5481089925781482
108597,0,0.27827429456900116
103681,0,0.15730339350161052
101606,0,0.20250288884498593
104963,0,0.48193934961941226
106152,0,0.25592893879541556
101740,1,0.2599124381452037
103745,0,0.19848150831367017
109313,0,0.7804700309653313
108157,1,0.27537608799688806
114200,0,0.15857235269682632
106709,0,0.41525471688532095
104473,1,0.7378179445141132
106865,0,0.18410672773173395
113056,0,0.2719131549873738
104838,0,0.19902466926067505
112722,0,0.13061517598034225
103231,0,0.22474675975612476
101777,0,0.19041236324376412
109798,0,0.22481976011400548
113045,0,0.19243319362460024
107366,0,0.6334792916517685
112807,0,0.4309675530206699
114822,0,0.5772461490480931
101337,0,0.5091283685872178
105892,0,0.5946223752216742
106856,0,0.28623264770557555
100432,0,0.46768392177675594
108011,1,0.6499493420431102
110717,0,0.23009916187970617
103027,0,0.2840679783187673
103205,0,0.5250990759066049
111415,1,0.7074909189219252
101897,0,0.1342666180987703
108531,0,0.1401829300272939
113704,0,0.4587168652351146
101620,0,0.45320693976644816
100184,0,0.38910307903562924
100321,0,0.14437471711747862
113066,0,0.307941161099542
100124,0,0.5917448570915425
108186,0,0.16642888135074863
112873,0,0.47693101817180167
100891,0,0.16989300523381273
106426,0,0.24512230973429353
111058,0,0.2792427006033465
109589,0,0.4489864908136725
110429,0,0.13691280009875395
107935,0,0.12638281609229082
105943,0,0.6826190744826022
113497,0,0.5843328381217127
103190,1,0.39791094885423933
100273,0,0.27086083394111127
114480,0,0.23905888667216615
112193,0,0.1656930592476495
102821,0,0.24626534699515987
112389,0,0.12829231501848104
100878,0,0.16511129269264938
110735,1,0.5782750002475591
111427,0,0.34961721075157537
100611,0,0.6267552363816511
102861,0,0.6701793517492939
106873,0,0.24608083124924227
112063,0,0.1964768166834079
108046,0,0.21846109407271513
108256,0,0.36943869842100463
114469,0,0.09474784635866887
108036,0,0.39891812287417056
100927,0,0.29388221299425527
105631,0,0.14652099608509167
109115,0,0.7068968863152292
113738,0,0.527355989329953
108431,0,0.3799427029353109
104964,0,0.20578427233140423
103274,0,0.21142495583335802
100661,0,0.4786468912195044
112984,0,0.3875201088892205
112886,0,0.7115555796631599
101103,0,0.20919197448438642
103517,0,0.4917725585262475
111950,0,0.2554188242273165
107681,0,0.29330866608767414
102433,0,0.6983866710907477
106564,0,0.6080121145765544
104180,0,0.45626526533023765
101447,0,0.3887223379092761
113489,0,0.31333896074604195
111900,0,0.5575989450085104
109311,0,0.5047377272472442
113701,1,0.6290787831879087
112560,1,0.30038458374898674
112932,0,0.529144658628538
109439,0,0.1563981992267148
101316,0,0.10249208246223906
110609,1,0.291709476140277
105429,0,0.27139512436099766
112472,0,0.18995518154330301
104585,0,0.6050762288610171
109479,1,0.1479535814105961
107831,0,0.23432739094525046
107338,1,0.6197576178010832
106901,0,0.41415662645204687
102462,0,0.30816737857506526
110892,0,0.37737436299507576
108514,0,0.16742627394853435
106281,0,0.35882550143654013
113306,0,0.08339683136318743
102994,0,0.48596565283546284
112644,0,0.6909236646408022
105191,0,0.5968541473945026
106448,0,0.49448376911896846
112604,0,0.21926330737515337
112892,0,0.4433724133018944
108024,0,0.25059383419722575
112986,1,0.6661741525475963
114535,0,0.49266742300588023
105796,0,0.12213646894161707
104166,0,0.6780202454988585
101935,0,0.23860842172494268
102732,0,0.5553177692144454
107030,0,0.23942318285027492
107029,0,0.19637049054780029
106976,0,0.13423226212017553
102260,0,0.6098060606153052
103917,0,0.2280468063796733
110155,0,0.4258215941194995
110881,0,0.31525550921289774
103701,1,0.6170072254020518
103079,0,0.4102103614554832
101255,0,0.18951613138741474
104331,0,0.6566339398614612
111091,0,0.6583925585357742
111704,0,0.1538117563099752
107876,0,0.5826516809190011
104344,0,0.11851780470908398
113859,0,0.28107068018121717
107685,0,0.6498415090963718
108405,0,0.1614741821156626
113608,0,0.407022859870847
105824,0,0.1876179400402835
111158,0,0.6272665770655762
103253,0,0.7277913865406151
110713,0,0.5724137519764065
106559,0,0.33605118924450256
101006,0,0.3961226462616343
100343,0,0.1427489632335878
106013,0,0.6790775717756229
101141,0,0.48971048706810155
107235,1,0.4949973170811418
110886,1,0.2864889344536594
111419,0,0.2189863875701921
111255,0,0.26495670645346764
105947,0,0.33901222766732253
106753,0,0.6743840041234191
109950,0,0.15155811005316944
113908,0,0.5982536885004998
112235,0,0.21804174148068034
113575,0,0.5190347349010414
109871,0,0.335464243192927
106368,1,0.3889424222730678
104051,0,0.1975784768849849
111061,0,0.3600095824377856
111133,0,0.48259501266109783
102476,0,0.1898289311137886
106985,0,0.12017741343875944
110808,0,0.13285997033031913
111948,0,0.2306474281965895
112411,0,0.16871916849755594
105678,0,0.31931950886044996
112261,1,0.6600546032473388
109275,0,0.10159755522160928
104840,0,0.0854453262838026
105535,0,0.6587018717428238
112962,0,0.30508165761628836
101099,0,0.32140755589835185
112532,0,0.5788026235162304
101926,0,0.5277053664615192
108114,1,0.4573586778104875
110663,1,0.6453477850955728
104278,0,0.26220008239963116
110858,1,0.26321901885054283
107654,0,0.20182263025987787
101400,0,0.3551336210301006
105814,0,0.26000460623988897
109105,1,0.18250171299364135
103213,1,0.17235359544716958
108027,0,0.24408697767557033
103304,1,0.5735628217363672
104010,0,0.2239578960086248
114036,0,0.19475637730565562
108630,1,0.7057911480748764
101523,0,0.15990277435858447
106744,0,0.11152717447389723
103686,0,0.09670266374468094
104076,0,0.06136490922383793
101336,0,0.48303709724334654
102393,1,0.7425057723716645
109454,0,0.24262438721067564
106683,0,0.1841377656490536
114606,1,0.4800304103147381
101876,0,0.5940581485495751
105707,0,0.6301659489897238
104517,0,0.18388592514313845
105018,0,0.5843419886011073
112833,0,0.5130555387589018
112436,0,0.1656379550563192
105558,0,0.09725839810022033
104059,0,0.1517559912126041
105922,0,0.47898438665230725
112483,0,0.1879911155707918
100856,0,0.41179561840874723
103383,1,0.524385713419978
113629,0,0.15700316046656027
107974,0,0.16582799617447447
107416,0,0.47108034940358434
113034,0,0.6493507776919747
100932,0,0.6131096829151161
108707,0,0.4629376911685974
111036,0,0.3412561195552562
109523,0,0.20783195423100465
105458,0,0.4204205158341808
102290,0,0.16920708931623582
112392,0,0.31191206672031363
107780,0,0.1841391535238051
106357,0,0.5836275642675286
108581,1,0.2796297565240096
111282,0,0.6712264134023135
113919,1,0.32676068256554136
107550,0,0.3483310586396521
100664,0,0.4827993253134276
103992,1,0.637548257785014
108922,0,0.27346091867659617
104596,0,0.5537157326402423
103270,1,0.581914720908918
108408,0,0.3266300922264272
110491,0,0.11947483667567664
103131,0,0.5730219654850023
108513,0,0.6513022490449423
106581,0,0.7103757330395462
107234,0,0.3019287469453472
102635,0,0.33849943141164535
107914,1,0.6182215710859367
108095,0,0.6321774177770398
113179,1,0.5017347240607758
106870,0,0.4774374363852779
104715,0,0.12530195696397634
100769,0,0.16380294034706622
111283,0,0.6308686165650526
100678,0,0.6543306835996974
102350,0,0.22277242150104282
111807,1,0.480660690439692
105075,0,0.3697218313811495
113007,0,0.17215597663403295
112438,0,0.6444504701479966
113845,0,0.09037142381155606
113087,0,0.7667377805590744
101950,0,0.26057845217716247
105280,0,0.33296427476232376
112446,0,0.10746493536153078
113268,0,0.5883879101797045
111139,0,0.1827778163170292
106702,0,0.41519789783689603
114763,0,0.7448050782224781
109856,0,0.45573644822803205
112424,0,0.6271816769541743
112506,0,0.6275872907777126
111052,0,0.5334152892396886
114613,0,0.16836178796878476
111650,0,0.6523075718241369
103942,0,0.3416334038098416
109269,0,0.7162270515112954
114566,1,0.3966632673030279
112983,0,0.13373633019016248
114153,0,0.19300986212809426
104807,0,0.20472865951955868
112141,0,0.3833928335030804
103814,0,0.40997614285217787
114368,0,0.6165732986863042
107905,0,0.4530174424943673
101349,0,0.37591900332513795
113178,0,0.5488784746429394
104811,1,0.5893722873369642
101348,0,0.2261393809806277
110583,0,0.11345882668778913
110611,0,0.2857679559654195
114609,1,0.4537170680611831
105750,0,0.47815122929418397
102926,0,0.10119834106820093
107179,0,0.46414336377726395
112355,0,0.1901437440353191
106019,0,0.655634697265776
102418,0,0.6702792705643844
107498,0,0.15844821544896476
102610,1,0.660621862776289
109520,0,0.34474582923594244
109731,0,0.38541051434401863
110678,0,0.2599806686441221
109402,0,0.4596639508220347
101771,0,0.6838662054135889
107585,0,0.5481216469963377
107058,0,0.6673932353319886
113442,1,0.5202626655134014
108678,0,0.10930424919723997
103673,0,0.20310621929475262
113116,0,0.3175495654715845
109804,0,0.15523616632305404
113519,0,0.1789325894318112
112609,0,0.5255616949481472
106111,1,0.6320999936632975
106653,0,0.503876352854693
101376,0,0.09698567079775164
101366,1,0.7676316528390509
109203,0,0.24063100150984099
111156,0,0.2852848247890761
100095,0,0.5290139220725057
107662,0,0.2585127552880597
104124,0,0.28020817791632285
102453,0,0.4957005160530601
106389,0,0.15380958359981184
101475,0,0.6074158265474218
106070,0,0.6059826096071871
105022,0,0.11995199585868993
113823,0,0.201751065572709
103904,0,0.3014410393611636
100837,0,0.47777132459384525
108423,0,0.5914241821010946
100692,0,0.6658256526548676
110613,0,0.46610682760928646
109414,0,0.549681459901618
100574,1,0.7165638162106454
110272,0,0.4816597569575825
104030,0,0.16351009903431168
112402,0,0.6756642255482792
110539,0,0.3882011629339402
100532,0,0.5804320030734424
109483,0,0.15926382171987033
100299,0,0.18177952389023125
109065,0,0.17459105525696558
111095,1,0.5020356691530798
107394,0,0.2034648030747546
112059,0,0.22725635852204765
104464,0,0.7609001304043339
103313,0,0.41497581893511565
113504,0,0.47966275427178784
110671,0,0.25898395906002164
109996,0,0.16348213562968053
114304,0,0.14009701620809023
110127,0,0.722176205967028
103196,0,0.44585207304060975
112829,0,0.42219785008624267
109528,0,0.2956562420320681
104852,0,0.3772567316552825
100168,0,0.2335660816873555
112591,0,0.11581818942971538
108188,0,0.1608873331111003
112313,0,0.5098485498519459
101642,1,0.5802421937647217
113468,0,0.5333677722732216
105956,0,0.27113411981423635
109550,0,0.513531209735619
107375,0,0.5006392093500929
113791,0,0.337620600815421
109473,0,0.2046165967644228
108706,0,0.10511255828680954
101412,0,0.3965233156136336
113811,1,0.6574094802661693
108465,0,0.5436738723196378
109540,0,0.13198537507928473
103137,0,0.18386199626564162
108403,1,0.5981534445732597
100277,0,0.36867193047881686
105854,0,0.34014959164272573
108061,0,0.2256314297127146
105930,0,0.16931532899927837
104590,0,0.12406975653254143
112896,0,0.7443355955879402
102101,0,0.10245041723499342
111188,0,0.46004725753244335
103362,0,0.14946697466241154
108984,0,0.23742432014054649
105254,0,0.4730723710719898
107317,1,0.31245342640517926
110217,0,0.7125370277515826
112656,1,0.46618332756905667
104285,0,0.2689244980894458
102925,0,0.663752142053661
114587,0,0.6603191338058969
100132,0,0.2753728193330382
113467,1,0.4049287361418567
112923,0,0.6700871313766117
106608,1,0.6663456507642477
109918,0,0.40459582978623454
104001,1,0.639003023602304
100021,1,0.45362748497549615
114739,0,0.4046301312425197
102676,0,0.4548193551208459
108588,0,0.1330211576259783
113315,0,0.42344580946553956
101344,0,0.6948591613683628
110122,0,0.2191942444621527
101297,0,0.17094629001469033
114458,0,0.2080911531218453
106602,0,0.21716596459440074
108751,0,0.48324019338823754
107000,0,0.5577267194365878
102551,0,0.6883880723006309
109728,0,0.31007672275542375
110448,0,0.23355588141833336
100304,0,0.527541380060296
114177,0,0.18676885722273545
111813,0,0.4611680047000635
102472,0,0.288813566722007
113714,0,0.34493562519791854
106269,0,0.5235743776980564
114021,0,0.6090321491849864
103207,0,0.21463762588355328
107588,0,0.13658814008578624
102107,1,0.6520572873497894
110427,0,0.20675115212025824
103690,0,0.10096389909343945
105475,0,0.1297796735902984
109395,0,0.20168097180319278
103871,0,0.5126511306757092
106336,0,0.08646849260388545
106768,0,0.24342899205466484
106085,0,0.39816541785307613
101895,0,0.34236308227148127
105088,1,0.3702962549229417
106737,0,0.6204087140710515
114355,0,0.12600677545847444
105728,1,0.3460557197228012
108287,0,0.2145667129194267
103896,1,0.7062331216328898
109111,0,0.5737521692827665
111046,0,0.15265558737172383
111535,0,0.6001138578646424
113882,0,0.3368232764190245
101743,0,0.25844948864076284
109554,0,0.5942610577328817
108744,0,0.7064519767740716
111707,0,0.22622519529041674
104315,0,0.4998275058330832
101598,0,0.21799164061304846
109724,1,0.6481548601570934
105887,0,0.5266832189219208
112836,1,0.6195303890845744
112467,0,0.5579270809603841
101894,0,0.6469394197556915
105488,0,0.33342776559180526
109242,0,0.23530823993819464
109936,0,0.14337019025627537
100720,0,0.19909891489886675
114044,0,0.6186112101912341
111880,0,0.25961551215864503
114705,0,0.3209315604535798
112153,1,0.7101641886167154
101618,0,0.5909816412392
111300,1,0.6611337825854525
114107,1,0.6927828094434209
108674,0,0.15236612748308437
110829,0,0.3512486486895784
110033,1,0.5156966389105239
111412,0,0.16545233807162749
107739,0,0.39536291524305117
111460,0,0.09275911309784396
103064,0,0.17515553468557923
104310,0,0.12316647380818384
106813,1,0.6304854197587719
105453,0,0.20208359048294663
110997,0,0.19496193027731606
103644,0,0.7002855337076956
104532,0,0.6090472846912313
109270,0,0.1739891409863899
104567,0,0.3390387388685766
108387,0,0.2158067820588766
104598,0,0.5450702224227917
113461,0,0.5145392049030588
108979,1,0.5088689942471872
108912,0,0.1725277982214593
102230,0,0.15995608747482581
109283,0,0.45695827494362523
112972,0,0.1123773044752326
106325,0,0.2359626396116118
103717,0,0.6511728617262126
104743,1,0.3620592613638179
110936,1,0.7353776895814141
104405,0,0.20575239250842153
113566,0,0.6240530956490172
105050,1,0.7036153037168276
106656,0,0.4352681115002564
104326,0,0.10187630448301634
106042,0,0.36741679148100514
114154,0,0.2250231453139238
105982,0,0.15859744620589175
108881,0,0.2658798794724218
107722,1,0.3718343580527927
113424,0,0.4407550226700304
102885,0,0.507132130313974
110258,0,0.30999453588318665
107928,0,0.40299886481201225
108837,0,0.12798007237533437
101831,1,0.5702269459159167
105358,0,0.6085669742662727
103195,0,0.46351062312449226
102603,0,0.20980667702659156
114055,0,0.2271236247351461
110706,1,0.4331942389021796
113432,0,0.26247171674255254
113180,0,0.6530785167714858
105582,0,0.44764001675424736
104364,0,0.21261501646553768
105916,0,0.5844024089223085
102122,0,0.29901779262110395
113969,1,0.7109287220254543
107657,0,0.2599004603037263
106786,0,0.3664429321003028
109141,0,0.4569772882037472
100809,0,0.1311533248182492
103956,1,0.57899761579074
110281,0,0.17686298187192376
113133,0,0.5121260279719602
111065,0,0.4064144593719598
112240,0,0.7278449501605568
114494,0,0.802880032238104
103430,0,0.28519752123204617
106216,0,0.10397319344703777
101882,0,0.4029821967309855
109498,1,0.3550812643449463
106853,0,0.14703993291436618
104099,0,0.4830397390865261
109599,0,0.4046774658605235
101181,0,0.179120238088612
114627,0,0.1093352326163974
107998,0,0.181597464596454
114381,0,0.5829686807519169
110753,1,0.7120780138004664
106038,0,0.4521802666629566
103842,0,0.5203713256483046
103914,0,0.5768248113154936
105438,1,0.4880026664400871
112989,0,0.18123947865001858
102649,0,0.22545118649746898
112069,1,0.4741401165934563
102482,1,0.6130077632393368
109715,0,0.47477375397275895
108854,0,0.30531422065944414
100875,0,0.10784940836953485
112023,0,0.4626416522054338
105021,0,0.3069439319921644
109776,0,0.4472802882971215
102550,0,0.17045035954703439
105247,0,0.1384951948109466
102508,0,0.32182693586812444
101341,0,0.1168165619537048
109746,0,0.33720564729379887
103555,0,0.5224737074899001
108917,1,0.4360912525980695
107948,0,0.3294819325952865
114403,0,0.25167669061251374
104461,1,0.5703802173046658
103668,0,0.46474998012488916
111085,0,0.3549681127722623
105153,0,0.5261996133406533
110267,0,0.45789774446020537
103958,0,0.22645891074691676
105304,0,0.1196646563898935
111151,0,0.5705606165213187
109800,0,0.20481013858439984
111868,0,0.18465656758540455
109496,0,0.33078580898709425
104471,0,0.7488349332463627
113532,0,0.21268063192581274
108719,0,0.5367004891973322
101367,0,0.5536932992526613
103285,0,0.4749767511009648
102331,1,0.5622638553601792
105094,0,0.2831477753489154
102897,1,0.6127168886643171
107164,0,0.08520819532994689
100028,0,0.3847102825343988
109822,0,0.16238788582330677
113848,0,0.6634355327527706
105783,0,0.17694492106545207
113643,0,0.6480595412236485
113209,0,0.24843106706151688
108772,0,0.4580211172505177
105024,0,0.1387677771689711
103022,1,0.6046785511501539
108214,0,0.6627272196257356
106923,0,0.5651753046502738
111008,0,0.14352676778529927
114811,0,0.14084789170668985
108910,0,0.31869817165955683
111609,0,0.753219079544198
109896,0,0.6769089641575881
107376,0,0.3228783176386095
113990,1,0.4327763403027298
105858,0,0.14504087162572266
100545,0,0.5582751971713064
102811,0,0.6500364165575284
100040,0,0.49513193576701525
112170,0,0.5547805470794358
112429,1,0.7181999127264569
101652,0,0.1981309762131369
112148,0,0.4815226564271088
101323,0,0.2889824157759657
114038,0,0.3624247649620786
103448,0,0.16695934590248943
100671,0,0.18879769926816461
107738,0,0.41050719743237934
109648,0,0.5446704374321646
106710,0,0.7369161283117707
108094,0,0.1299403915320237
102464,0,0.5389615335012465
111463,0,0.11440363637985049
113756,0,0.6125857574750746
105852,0,0.13484906057869966
106755,1,0.4882491700648102
100586,0,0.13495951948923202
107999,1,0.6338827129568508
103545,0,0.19816758491343392
112303,0,0.5335825019329777
108517,0,0.16950271289476274
111125,0,0.24519567886712995
103061,0,0.20389881022059347
112094,0,0.11430714199206828
105226,0,0.5557138604300148
104052,0,0.6134694393891447
107553,0,0.6532455440388999
106083,0,0.13905636591414527
112220,0,0.7608018294043236
103147,0,0.2525207285543369
101125,0,0.18636861293052875
110432,1,0.642565441277596
101194,0,0.18495522328358718
100104,0,0.6612311732227528
104163,0,0.17359812937657654
110631,0,0.20886308987910393
104366,0,0.5156472024581517
110799,0,0.4389374037440314
104520,0,0.23835263290488123
105557,0,0.3197204885947204
103344,0,0.2943286204371119
100822,0,0.3523368480255545
109744,0,0.48626848619462093
108049,0,0.6199923804338889
100655,0,0.2902415412606086
106003,1,0.6905153906978605
102915,0,0.18649383046296214
112312,0,0.5916395964792149
102703,0,0.1498469435937847
112367,1,0.6580570602257634
111492,0,0.12081229951493161
104941,0,0.10679444045712927
103161,0,0.21274614993469845
111051,1,0.42452138549317503
100227,0,0.4393840629003889
113867,1,0.45376986106101347
105952,1,0.6211704615652988
113477,0,0.09479761433921284
107178,0,0.27870241862498624
106010,0,0.1410724889004116
113623,0,0.1163127596746917
105156,0,0.22813251829126652
114373,0,0.41273825863748836
106079,0,0.16962522950876038
104167,0,0.3206668629038351
110412,0,0.46133346465341096
108438,0,0.8300334986503098
105186,0,0.13926339397114695
107717,1,0.6559944982344958
112823,0,0.13642211931811324
103409,0,0.30152756702565076
100981,0,0.3694859833114848
100894,1,0.6199610526887208
101912,0,0.26388994478883304
109306,0,0.4428544459166985
100027,0,0.47723817000411334
113544,1,0.5792530822704905
103396,0,0.7230552442273914
105604,0,0.5815852841582465
111183,0,0.2714832917188962
114773,1,0.5843122184507231
102786,0,0.4389308004587183
113414,1,0.6108070076867517
112635,0,0.262827572452005
114650,0,0.5828076070662362
103851,0,0.5207978784077929
109905,0,0.41584377507928877
114183,1,0.6631001532510876
102755,0,0.4314545797258377
108651,0,0.46412930979467526
102465,1,0.6061930959618859
109480,0,0.19819548936976641
112137,0,0.27400856018131686
100665,0,0.43102459032662155
101248,0,0.27270925023771475
108996,0,0.11131773373436125
107528,0,0.15473584396318152
113273,0,0.6161317922441001
114168,0,0.6394112804860071
107880,0,0.38769917796305653
110512,0,0.1842133117309348
100584,1,0.7106378373952337
108957,0,0.1534321503009078
107872,0,0.18918773932909888
113837,0,0.24942534771234756
114487,0,0.6703234920173502
103739,0,0.5024183227986161
101817,1,0.38800194956447454
108286,0,0.21922741893373326
101644,0,0.49566574032523447
103456,1,0.48176196031447927
101083,0,0.5032146397145839
101579,0,0.3647152672203325
110139,0,0.19562505410462622
104251,0,0.1237722937014603
106110,0,0.20948641378208188
101314,0,0.6011011272038059
111755,0,0.30062456622863976
108204,0,0.21974162163897498
107215,0,0.24414745284505812
108483,0,0.35243975421626317
112536,0,0.17316181095690933
101478,1,0.309250127028393
101986,1,0.5512524343680923
106964,0,0.7352756100473653
102685,0,0.6018394035335114
110811,0,0.334213329266404
110423,0,0.33993116357086844
109059,0,0.3743668980672991
108261,0,0.19755691162545433
105769,0,0.4944457340226643
109982,1,0.7249171613790114
101459,0,0.28972934528081584
106360,0,0.11408448846912826
114390,1,0.6330309239660514
112266,0,0.5317833087062284
108941,0,0.372677096249467
100197,0,0.16369417053773486
101132,0,0.13266651668701182
104998,0,0.20120572816800567
112249,1,0.7443280467064836
113508,0,0.7150730410104579
103618,0,0.7607534500872967
114201,1,0.5238254742999825
113580,0,0.5864445127068102
112909,0,0.11646608405010599
104630,0,0.5259974597267236
108971,0,0.49109976723619325
103216,0,0.35590388743504164
102136,0,0.1510034366504101
111040,0,0.35458818846416784
110620,0,0.4184193367133147
113252,0,0.7202200159876191
113036,0,0.5642792483622294
101487,0,0.22876008689060331
102134,0,0.09182831619315103
103467,0,0.5004162167131844
109649,0,0.3605181941764268
100569,1,0.588883584749459
101321,0,0.14096397099871674
101898,0,0.19522238068686615
104687,0,0.42300012551596144
111119,0,0.6495793576801666
100092,0,0.6107212869582306
104218,0,0.10429459916728336
101147,0,0.6422944928129193
104859,0,0.08930687178365881
111487,0,0.1849495314895292
102408,0,0.10640792408324527
114260,0,0.23979305969527104
111199,0,0.40011547581544316
105357,0,0.4351314546478856
111527,0,0.5471227732740808
107619,0,0.4414227222944068
105093,0,0.6282557352151371
100001,1,0.6217869873698775
113228,0,0.31327907048673237
105978,0,0.22463057184791832
100010,0,0.07224043788846875
113615,0,0.07257157586815136
102845,1,0.7206627958222843
108230,0,0.2901181932194192
113050,0,0.45752786771238013
105405,0,0.2781995480759602
111120,0,0.260663507298376
105629,0,0.32461787994628183
108447,0,0.40480319065663817
111035,1,0.7541825707134185
100853,0,0.28348392640741776
101730,0,0.1231813114054066
107864,0,0.6392349742026096
101375,0,0.5641013767609114
112290,0,0.1596537575559241
102812,0,0.18863475730260315
108665,0,0.5112987875183613
109960,1,0.6321935679304083
105484,1,0.6255400050689982
100622,0,0.2132349209810947
104170,0,0.31190241932391816
107665,0,0.34448359785257693
114121,0,0.31104700366310867
112341,0,0.35615100303500297
107055,0,0.27196777487740237
105611,0,0.6256752693760825
102989,0,0.15274286712437862
113599,0,0.4241771398349526
108237,0,0.7236757013061452
111784,0,0.5763460020911947
113865,0,0.1887614826409823
109103,0,0.21152545402971262
112323,0,0.24868727041888178
102585,0,0.1378145787818859
100096,0,0.2678097368107622
100175,0,0.4820356214246998
111665,0,0.16386571115115736
107080,1,0.6864083675265016
114027,0,0.5401799304958362
101582,0,0.46765740032762515
111778,0,0.22909826134804998
109716,1,0.6499892096763215
103658,0,0.14592150987983374
103847,0,0.27217111824449075
105973,0,0.281630890608697
106537,0,0.20813240873204347
110414,0,0.6203334273282037
109264,0,0.12223334807897387
107105,0,0.16741569153708022
100693,0,0.15060674484558909
100592,0,0.2558943666635779
111804,0,0.20862408707911947
108126,1,0.3714247539140349
101888,0,0.556138542895459
107249,0,0.40128297851404365
107945,0,0.22936829000251205
113010,0,0.7101307079022465
103474,0,0.16163506181507545
111705,0,0.19624112929456386
106980,1,0.6088566602746566
111564,0,0.12754275355804176
105028,1,0.24742168229730283
110277,0,0.7176331720236079
110309,0,0.2372796086349881
111280,1,0.5336198733765589
105509,0,0.17472876457019426
112127,1,0.4587457595868085
100534,0,0.16233639721115103
114256,0,0.6124389658063468
103573,0,0.5372452195687478
108494,0,0.14422927084723403
100528,0,0.3423338900483183
100707,0,0.49083033388735003
108315,0,0.17982432954697594
107035,0,0.5306222200323114
112231,0,0.07433984402983991
112735,0,0.2558649292369979
105422,0,0.48239765725349165
112189,0,0.3245731928969457
100526,0,0.506171535878059
108420,0,0.20066489053564027
114790,1,0.6052050173128395
109158,0,0.2793788153713079
101152,0,0.0970963522235634
107821,0,0.3415777173216466
101884,0,0.22642824250051022
109908,0,0.16823299500371913
106909,0,0.38625252973815954
109238,0,0.1021243486561991
105419,1,0.7494526437209885
105242,0,0.4633883867540922
113784,0,0.12601043503409334
112887,0,0.43401985440255497
100711,0,0.6383616715712137
103815,0,0.15770872060046512
107168,0,0.2834723943100929
105846,0,0.31938436756866423
109265,0,0.573919182662642
106378,0,0.28606350082926424
113780,0,0.12320370622191192
111567,1,0.6716078002211676
101053,0,0.17100264108321034
111340,0,0.490212394127321
109060,0,0.6962296688235915
107977,1,0.4443909288514578
114607,0,0.6126329585094916
101257,0,0.19291276122070808
103872,0,0.5878131001637862
110856,0,0.5940877700226224
104297,1,0.7421143534047823
112288,0,0.1371299584595869
114453,0,0.11526003391444145
108327,0,0.12152252516691485
107781,0,0.12658102755654638
106253,0,0.1399784386153123
106891,0,0.09678891329229879
102779,1,0.7472259271821318
103427,0,0.243780559744948
107574,0,0.17496946745770253
110768,0,0.19781228633240489
103837,0,0.4147784171754945
101788,0,0.11562629860238682
101154,0,0.29905162381542433
103858,0,0.6800412514707364
101378,0,0.649959859723199
112749,1,0.3575563721884218
105501,0,0.5949179099388299
102966,0,0.44171889641204104
107618,0,0.31498313037842485
110955,0,0.09479296330564045
100450,0,0.5425365381177903
110752,0,0.13064474670915066
102370,0,0.6782365462778723
111102,1,0.5597401742985226
101170,1,0.7233303355461499
100818,0,0.15483606665772476
109884,0,0.299186792931197
109734,0,0.6009210071161694
110171,0,0.5265258334457401
103553,0,0.24808423868870108
112199,0,0.21300267577735169
105118,0,0.29798389846262824
108297,0,0.4417520056162681
111832,0,0.24420234932348955
109551,0,0.23619694109814493
112102,0,0.58280054384902
114251,0,0.2962521471988994
101102,0,0.10632806247085605
104118,0,0.45061269862117515
113271,0,0.2997573406375878
106769,0,0.6332751973365118
110640,0,0.3546320409674826
109154,0,0.21413192434777784
100509,0,0.5669020531433845
106871,0,0.5920158036054489
107760,0,0.18626940806029227
101856,0,0.06727414028433552
112827,0,0.6611486655461166
109028,0,0.4358284483080922
111345,0,0.16288949435247066
112263,0,0.5120269692105855
110608,0,0.6913555009317061
114752,0,0.3910569535606624
100261,0,0.14970507196239108
112080,0,0.6803409950557724
111106,1,0.4854700451922062
112118,0,0.1678927494906371
105244,0,0.2388219893377323
112428,0,0.33379276630314797
105231,0,0.1599524161718598
104796,0,0.6023207283247746
105173,0,0.11054942656454671
107208,0,0.3369136187380928
108909,0,0.3334074391274669
101804,0,0.2334662456089969
112356,1,0.6274015789224907
109783,0,0.22858185331401862
101467,0,0.12702685602483338
105526,0,0.2892023168107123
109136,1,0.6954374342538018
110474,0,0.33549687146792556
103893,0,0.24744222098756088
113960,0,0.6780371960510579
107812,0,0.16819540111572961
109036,0,0.6644698911945056
110544,0,0.11503940603712039
113663,0,0.44892179983282593
113869,0,0.3101609435583021
104876,1,0.40169106402687904
103778,0,0.12229130296394627
111814,1,0.6282430691222576
101482,0,0.4208608354851907
101932,0,0.677839715785688
105823,1,0.7048217313158145
105815,0,0.17912588341298327
109661,0,0.5780596568240135
100783,0,0.3293785351982241
104422,0,0.5527281196157454
110102,0,0.15235649452723804
102548,0,0.40505465563686077
102334,0,0.30390960419887664
105084,0,0.4520959542611526
107313,0,0.6303766814384627
101151,1,0.7453080774004027
107008,0,0.349658909248959
102665,1,0.7039765430776541
114629,0,0.22221614075706644
107436,0,0.12292105092923662
105961,0,0.3022739925527563
110938,1,0.7434277267171525
106116,0,0.39804637391645664
113768,1,0.709633937543549
107316,0,0.22120559703053264
106114,0,0.41287155423988986
102127,0,0.23771660511239892
107664,0,0.6645319759752066
109381,0,0.47810473561013167
102384,1,0.7567396984370567
104406,0,0.5843433299610217
101038,0,0.32915733416458753
106519,0,0.4524437370230405
113733,0,0.3632839469618069
103560,0,0.25958526922359537
114691,0,0.19577414658623185
108318,0,0.5789276313460497
107204,0,0.6563293377272332
112211,0,0.5444388384439226
107125,1,0.6676784394900542
101650,1,0.3092024327035218
107395,0,0.5599857272689246
100083,1,0.4907074058692943
111257,0,0.0991127623266121
107134,0,0.1506260052515617
110176,1,0.16322032798808325
100870,0,0.6449474818962684
112432,0,0.13188666324691614
111892,1,0.6504172358774067
108336,0,0.43877723529144885
113782,0,0.19746699666155804
103459,0,0.10882745904399867
114501,0,0.2557535648035644
113598,0,0.24134594783601188
104896,0,0.33366974009774486
110497,0,0.7277931971183186
112704,0,0.2639559612755469
106699,0,0.5612014721779688
109030,1,0.5350445175121772
103987,0,0.1343694896154196
106669,0,0.5902998801918552
100230,0,0.6657687405668294
109958,0,0.13203091187467494
113722,0,0.2812956857133162
110661,0,0.2373061152664037
108698,0,0.42877736497324537
109174,0,0.1714279309548058
100521,0,0.564513897844798
110021,0,0.4341748455711645
110654,0,0.106042869777705
113427,0,0.7135307143059418
105679,0,0.285219342555672
110944,1,0.6694157963416313
107306,0,0.25375195723234006
108565,0,0.4797271147822438
104467,0,0.1713536202745959
101786,0,0.3034226009441158
110323,0,0.5641181488527932
102406,0,0.296529621780762
109443,0,0.6512249895844275
101239,1,0.3334683788992194
103513,0,0.7443908644439797
108284,0,0.35472559482279975
109542,0,0.42551741514844565
108407,1,0.6579417624669156
107452,0,0.43417264136787015
108861,0,0.5383854320554716
112926,0,0.2453081799921325
114682,0,0.3811978330354802
104073,0,0.5037985289282025
102031,0,0.26450980120483314
104533,0,0.14969645504335097
104460,0,0.21472477543445256
112218,0,0.3464304649680926
109071,0,0.3296316040819823
110998,0,0.7005498870236923
111748,0,0.2337863441678591
108076,0,0.13564398274802683
114624,1,0.5511273656977188
100980,0,0.30163559442064775
111180,0,0.48669358361602083
100929,0,0.16463869989497867
102762,0,0.2773822602741662
105559,0,0.09943012983145177
107616,0,0.153090504011863
111921,0,0.41895222630948714
104029,1,0.5556603054661118
113767,0,0.5726998854556064
100989,0,0.5023206651300401
107423,0,0.25480625756511693
105418,1,0.6922943599531763
112448,0,0.22846295485875173
104991,0,0.0999387808553503
107097,0,0.17786038841103594
111770,0,0.10460930039295034
101998,0,0.3648429570689376
113201,0,0.0895288423205524
113191,0,0.5177312253886417
111890,0,0.19275248016318314
106875,0,0.5830195905697217
102116,0,0.2218032431809585
103711,0,0.18275043809904493
104384,0,0.4541774885802797
105688,0,0.21586444407769306
104933,0,0.712678611136646
104719,0,0.2787783124896918
100200,0,0.6478886131396101
105984,0,0.5334799044743899
105492,1,0.5564613270386604
113879,1,0.6923497712765151
110743,0,0.2630226668992384
111201,0,0.1381583301992661
103870,0,0.43077256787558005
103630,0,0.23522759795662035
105543,0,0.27813792193549275
114039,1,0.7451054502250607
105516,0,0.12581228475233935
104699,0,0.24543980821456116
101104,0,0.5622421043536461
103602,0,0.3071919979413647
105374,0,0.6562517624740618
112861,0,0.4134299028670943
102094,0,0.6729397911883478
108278,0,0.24921734458754538
114103,0,0.3908166229327875
105490,0,0.40215472500201266
105924,0,0.12475149619132836
104905,1,0.3982534107096411
102833,1,0.6392568971981041
106681,1,0.7621716033495243
109634,0,0.1734261918394647
112136,0,0.5009735508473833
105414,0,0.1519289890346366
111278,0,0.27804100419547384
101977,0,0.12857132693723922
109651,0,0.2454520781201878
113737,0,0.3398279684994128
101237,1,0.6889364315667301
112602,0,0.2049877963930167
111413,0,0.09969921868246891
112673,1,0.7527356807777662
103990,0,0.283909844174726
101245,0,0.641464236598969
100183,0,0.3951689568439932
106830,0,0.23178085301599807
100595,0,0.4517748072924449
111897,0,0.6884448169089472
109813,0,0.38923293215905036
108459,0,0.4049238239948742
109984,0,0.5921553117842623
110318,0,0.46404468013343686
110221,0,0.09411813480594029
106030,0,0.36065833739338027
106097,0,0.08152879878190948
109837,1,0.7104388597550108
109181,0,0.4475265236679364
111378,0,0.19306830509804201
110346,0,0.3230404999037556
106437,0,0.2600636570153699
109344,0,0.23574248340868523
100316,0,0.09997314552600627
107228,0,0.7492031058580535
100176,1,0.28757412079903183
104075,0,0.25308686029540345
112070,0,0.5574249482849812
101080,1,0.7257771551934731
103827,1,0.6002015696428338
110360,1,0.46879078480627856
104673,0,0.5645655073851553
114681,1,0.7600013348896602
102907,0,0.5014982537722686
112805,1,0.6917124819938031
113899,0,0.2724807397845718
107200,1,0.6229596838521535
112169,1,0.5136076906043098
103883,1,0.6533632316031609
101921,0,0.1658672246811958
107390,0,0.08921896124875749
100081,0,0.6100161362297679
113741,0,0.2482527524851354
113587,1,0.6830878382079739
111468,1,0.25405508586396225
114002,0,0.6469387246228656
103462,0,0.5902584369589048
107068,0,0.6954108149089556
101736,0,0.5019655551484284
101687,0,0.42752840256125846
111873,0,0.4736952226435509
103376,0,0.5816768179066653
114283,0,0.20433119547208725
102902,0,0.20583181105158518
106419,0,0.3271387120331165
100973,0,0.30759162560672004
106761,0,0.4354312195073929
103093,0,0.10267660559358126
100493,0,0.5596331145825392
108569,1,0.6853645982634504
106018,1,0.3750956926653196
108742,1,0.6118769455462254
108159,0,0.2971362410633147
111347,0,0.5378208050581903
107643,0,0.5788068597314445
108417,0,0.49141560705315196
113516,0,0.17402644367703285
108054,0,0.13798695917443018
107846,0,0.09851844286886421
107648,0,0.16958065381425996
109789,0,0.37465211494200884
112818,0,0.20862824340886274
103252,0,0.2861430188771241
103261,0,0.28636226665506337
109025,1,0.5291217319569377
111795,0,0.37952374569384756
100089,1,0.5936487077099474
105610,0,0.5747531707778855
107667,0,0.22442211132085943
113952,1,0.26559831663883243
109944,0,0.6434064148731292
104636,0,0.6396127625127657
111113,0,0.3590931391307346
100113,0,0.09006877005203487
106921,0,0.16511017912623574
110064,0,0.1842646589355132
113918,0,0.6483301105593416
103769,0,0.13182728660137094
110891,0,0.3780998277825236
100284,0,0.47379079569964344
110659,0,0.3886826713509031
108362,0,0.47183842970311207
104132,0,0.31365937483287326
106604,0,0.11895884353246183
112828,0,0.5980856586426252
107842,0,0.4786360501270441
109404,0,0.3531022919636172
106823,0,0.5799659350705902
110705,1,0.2502158260910298
108342,0,0.32708087725871593
107965,0,0.1309431735732915
114467,1,0.6067098718776266
106584,1,0.7143277426548988
112349,0,0.18559796665405306
101425,0,0.6791710527820776
114087,1,0.5392632798713862
111069,1,0.495474462891575
113797,0,0.588085950469723
104432,0,0.48236470610124843
105502,0,0.47388777374425134
111079,0,0.1304702771600274
100207,0,0.11954447586207768
105290,0,0.17505139922185886
101745,0,0.4404856756282322
108002,0,0.14094058360356634
113451,0,0.6375192020077803
103488,0,0.43242002184453404
101034,0,0.19511498328593815
114226,0,0.7301403333287697
105080,0,0.5908908974691858
108788,1,0.30407223806489864
109790,0,0.44106390541045754
101232,0,0.37850128191862004
102723,0,0.5374765307556956
105583,1,0.7569925643952145
103295,0,0.18075122272862615
101339,0,0.5983240848463851
110452,0,0.2340325940310853
103494,0,0.19398485772871926
100644,0,0.18611602449507886
110985,0,0.4611977567480962
